id_pago,id_atencion,id_cita,monto_total,descuento,monto_pagado,tipo_pago,estado_pago
1,1,1,111,10,101,Plin,Pagado
2,2,5,166,0,166,Tarjeta de débito,Pagado
3,3,8,155,20,135,Tarjeta de crédito,Pagado
4,4,9,101,10,91,Efectivo,Pagado
5,5,11,111,0,111,Yape,Exonerado
6,6,12,197,10,187,Transferencia,Pagado
7,7,13,84,0,84,Tarjeta de crédito,Exonerado
8,8,14,124,20,104,Efectivo,Pagado
9,9,15,92,50,42,Transferencia,Pendiente
10,10,16,161,0,161,Transferencia,Exonerado
11,11,18,169,50,119,Efectivo,Pagado
12,12,19,169,0,169,Plin,Pagado
13,13,21,163,20,143,Plin,Pagado
14,14,22,139,10,129,Tarjeta de débito,Pagado
15,15,23,185,0,185,Tarjeta de débito,Pagado
16,16,25,147,0,147,Tarjeta de débito,Pagado
17,17,26,180,20,160,Transferencia,Pagado
18,18,27,127,0,127,Tarjeta de débito,Pagado
19,19,29,172,10,162,Tarjeta de débito,Pendiente
20,20,30,159,0,159,Efectivo,Pendiente
21,21,31,160,0,160,Plin,Exonerado
22,22,33,137,0,137,Tarjeta de crédito,Pendiente
23,23,35,98,20,78,Tarjeta de crédito,Pagado
24,24,40,188,0,188,Efectivo,Pagado
25,25,42,159,0,159,Plin,Exonerado
26,26,43,81,20,61,Plin,Pagado
27,27,45,116,50,66,Plin,Exonerado
28,28,46,162,0,162,Tarjeta de crédito,Pagado
29,29,47,101,0,101,Transferencia,Pagado
30,30,49,83,0,83,Yape,Pagado
31,31,50,102,0,102,Plin,Pagado
32,32,51,149,0,149,Tarjeta de crédito,Pagado
33,33,52,103,50,53,Transferencia,Pendiente
34,34,54,100,0,100,Tarjeta de crédito,Pagado
35,35,55,193,0,193,Efectivo,Pagado
36,36,56,94,0,94,Transferencia,Pendiente
37,37,57,152,0,152,Plin,Pagado
38,38,58,101,20,81,Plin,Pagado
39,39,62,101,10,91,Transferencia,Pagado
40,40,64,92,50,42,Efectivo,Pendiente
41,41,68,137,20,117,Efectivo,Pagado
42,42,69,182,10,172,Transferencia,Exonerado
43,43,71,132,50,82,Tarjeta de crédito,Exonerado
44,44,73,80,0,80,Tarjeta de débito,Pagado
45,45,74,122,0,122,Yape,Pendiente
46,46,77,191,0,191,Tarjeta de crédito,Pendiente
47,47,80,136,0,136,Efectivo,Pagado
48,48,81,101,0,101,Yape,Exonerado
49,49,83,118,0,118,Transferencia,Pagado
50,50,84,106,50,56,Efectivo,Pagado
51,51,86,166,0,166,Tarjeta de débito,Pagado
52,52,87,89,20,69,Yape,Pagado
53,53,88,179,0,179,Efectivo,Pagado
54,54,89,83,10,73,Tarjeta de débito,Pagado
55,55,90,80,20,60,Tarjeta de débito,Exonerado
56,56,91,120,0,120,Yape,Pagado
57,57,93,132,10,122,Transferencia,Pagado
58,58,94,109,10,99,Yape,Pagado
59,59,95,135,10,125,Yape,Pendiente
60,60,96,86,50,36,Efectivo,Exonerado
61,61,97,163,50,113,Tarjeta de crédito,Pagado
62,62,100,163,10,153,Transferencia,Pagado
63,63,101,164,0,164,Efectivo,Pagado
64,64,102,199,20,179,Tarjeta de crédito,Pagado
65,65,105,121,50,71,Efectivo,Pagado
66,66,106,143,0,143,Transferencia,Pagado
67,67,107,138,50,88,Yape,Pendiente
68,68,108,111,50,61,Tarjeta de crédito,Exonerado
69,69,109,103,20,83,Efectivo,Pagado
70,70,110,188,50,138,Yape,Pagado
71,71,111,96,0,96,Tarjeta de débito,Pagado
72,72,112,91,0,91,Efectivo,Pagado
73,73,113,112,0,112,Transferencia,Pagado
74,74,114,188,10,178,Yape,Pagado
75,75,115,89,20,69,Yape,Pagado
76,76,117,126,0,126,Tarjeta de crédito,Pagado
77,77,121,85,10,75,Tarjeta de débito,Pagado
78,78,122,88,50,38,Transferencia,Pagado
79,79,127,189,10,179,Efectivo,Pagado
80,80,128,138,0,138,Plin,Pendiente
81,81,131,114,20,94,Tarjeta de débito,Pendiente
82,82,132,152,10,142,Yape,Exonerado
83,83,135,131,0,131,Plin,Pagado
84,84,137,100,0,100,Efectivo,Pendiente
85,85,138,174,50,124,Yape,Pagado
86,86,139,119,50,69,Tarjeta de débito,Exonerado
87,87,142,167,0,167,Tarjeta de crédito,Exonerado
88,88,143,164,20,144,Efectivo,Exonerado
89,89,145,87,0,87,Efectivo,Pagado
90,90,149,185,0,185,Plin,Pendiente
91,91,150,143,50,93,Transferencia,Pendiente
92,92,151,136,10,126,Efectivo,Exonerado
93,93,154,190,0,190,Tarjeta de crédito,Pagado
94,94,156,152,10,142,Plin,Pagado
95,95,157,92,10,82,Efectivo,Exonerado
96,96,158,99,0,99,Transferencia,Pendiente
97,97,159,119,0,119,Efectivo,Pendiente
98,98,160,191,10,181,Efectivo,Pagado
99,99,161,193,0,193,Plin,Pagado
100,100,164,151,0,151,Tarjeta de débito,Pagado
101,101,165,109,0,109,Transferencia,Exonerado
102,102,166,191,0,191,Transferencia,Pendiente
103,103,169,164,0,164,Tarjeta de débito,Pagado
104,104,172,173,0,173,Efectivo,Exonerado
105,105,174,197,0,197,Plin,Exonerado
106,106,176,162,50,112,Tarjeta de crédito,Exonerado
107,107,177,114,20,94,Yape,Exonerado
108,108,181,140,0,140,Tarjeta de débito,Exonerado
109,109,182,143,0,143,Transferencia,Pagado
110,110,184,159,20,139,Tarjeta de crédito,Pagado
111,111,185,160,50,110,Tarjeta de débito,Pendiente
112,112,187,194,50,144,Plin,Pagado
113,113,190,100,50,50,Tarjeta de débito,Pagado
114,114,191,194,20,174,Tarjeta de crédito,Exonerado
115,115,192,144,10,134,Plin,Pendiente
116,116,193,105,50,55,Yape,Exonerado
117,117,194,119,10,109,Tarjeta de débito,Exonerado
118,118,198,116,0,116,Tarjeta de crédito,Pendiente
119,119,202,111,20,91,Yape,Pagado
120,120,203,120,50,70,Transferencia,Pagado
121,121,204,96,50,46,Tarjeta de crédito,Exonerado
122,122,205,89,20,69,Plin,Exonerado
123,123,207,133,50,83,Transferencia,Pendiente
124,124,210,101,0,101,Transferencia,Pagado
125,125,213,122,0,122,Tarjeta de crédito,Pagado
126,126,216,194,0,194,Transferencia,Pagado
127,127,217,87,0,87,Transferencia,Pendiente
128,128,222,104,0,104,Tarjeta de débito,Pagado
129,129,223,94,0,94,Plin,Pagado
130,130,224,91,0,91,Transferencia,Pagado
131,131,229,112,50,62,Tarjeta de débito,Pagado
132,132,230,191,10,181,Tarjeta de crédito,Pendiente
133,133,231,101,20,81,Yape,Pendiente
134,134,236,103,0,103,Tarjeta de crédito,Pagado
135,135,237,138,0,138,Tarjeta de débito,Pagado
136,136,241,114,0,114,Tarjeta de débito,Pagado
137,137,242,174,50,124,Tarjeta de débito,Pagado
138,138,243,114,0,114,Tarjeta de crédito,Pagado
139,139,246,89,0,89,Transferencia,Pagado
140,140,247,113,20,93,Tarjeta de débito,Pagado
141,141,251,152,0,152,Transferencia,Pagado
142,142,252,101,0,101,Plin,Exonerado
143,143,254,148,50,98,Tarjeta de débito,Pagado
144,144,255,189,50,139,Tarjeta de débito,Pendiente
145,145,258,110,20,90,Efectivo,Pagado
146,146,259,89,0,89,Yape,Pagado
147,147,260,95,10,85,Tarjeta de débito,Pendiente
148,148,261,162,20,142,Tarjeta de crédito,Pagado
149,149,263,164,10,154,Tarjeta de débito,Pagado
150,150,266,155,20,135,Yape,Pendiente
151,151,267,102,0,102,Transferencia,Pagado
152,152,269,121,0,121,Plin,Exonerado
153,153,270,159,20,139,Transferencia,Pagado
154,154,271,177,50,127,Yape,Pagado
155,155,274,126,0,126,Efectivo,Pagado
156,156,275,139,0,139,Efectivo,Pagado
157,157,276,127,50,77,Efectivo,Exonerado
158,158,277,108,0,108,Transferencia,Exonerado
159,159,278,102,50,52,Tarjeta de crédito,Pagado
160,160,281,123,10,113,Yape,Pagado
161,161,284,113,0,113,Plin,Pagado
162,162,285,89,0,89,Plin,Exonerado
163,163,287,91,0,91,Tarjeta de débito,Pendiente
164,164,290,118,0,118,Plin,Pendiente
165,165,294,148,50,98,Plin,Pendiente
166,166,295,200,0,200,Tarjeta de débito,Pagado
167,167,297,175,0,175,Plin,Pagado
168,168,299,197,0,197,Plin,Pendiente
169,169,301,81,10,71,Transferencia,Exonerado
170,170,304,129,0,129,Plin,Pagado
171,171,306,128,20,108,Plin,Pendiente
172,172,309,111,50,61,Transferencia,Pagado
173,173,310,157,0,157,Tarjeta de crédito,Pagado
174,174,313,146,10,136,Yape,Pagado
175,175,315,129,0,129,Efectivo,Pendiente
176,176,316,89,0,89,Transferencia,Pagado
177,177,317,124,20,104,Efectivo,Pagado
178,178,318,93,0,93,Tarjeta de débito,Pagado
179,179,319,97,50,47,Tarjeta de crédito,Pagado
180,180,320,133,0,133,Efectivo,Pagado
181,181,321,177,0,177,Tarjeta de crédito,Pendiente
182,182,323,101,20,81,Yape,Exonerado
183,183,325,133,20,113,Tarjeta de crédito,Pagado
184,184,326,94,0,94,Efectivo,Exonerado
185,185,328,130,0,130,Tarjeta de débito,Exonerado
186,186,329,150,0,150,Tarjeta de crédito,Pagado
187,187,330,84,10,74,Yape,Pendiente
188,188,332,177,10,167,Yape,Exonerado
189,189,333,184,50,134,Transferencia,Exonerado
190,190,334,192,0,192,Tarjeta de crédito,Pagado
191,191,336,199,0,199,Plin,Pagado
192,192,338,116,0,116,Tarjeta de débito,Pagado
193,193,339,97,0,97,Transferencia,Pagado
194,194,340,162,10,152,Tarjeta de crédito,Pendiente
195,195,341,101,0,101,Plin,Exonerado
196,196,343,197,10,187,Efectivo,Pagado
197,197,345,154,0,154,Tarjeta de crédito,Exonerado
198,198,348,170,0,170,Plin,Exonerado
199,199,349,170,20,150,Tarjeta de débito,Pendiente
200,200,350,121,50,71,Transferencia,Pendiente
201,201,351,107,10,97,Plin,Exonerado
202,202,356,144,0,144,Yape,Pagado
203,203,358,83,0,83,Tarjeta de débito,Pendiente
204,204,361,141,20,121,Transferencia,Exonerado
205,205,364,162,20,142,Tarjeta de crédito,Pendiente
206,206,365,136,10,126,Efectivo,Pendiente
207,207,367,119,50,69,Plin,Pagado
208,208,368,85,0,85,Yape,Pagado
209,209,370,157,0,157,Plin,Exonerado
210,210,373,93,0,93,Efectivo,Pagado
211,211,374,184,0,184,Yape,Pagado
212,212,375,110,0,110,Transferencia,Pagado
213,213,377,191,0,191,Yape,Pagado
214,214,379,178,20,158,Plin,Pendiente
215,215,388,159,50,109,Transferencia,Pendiente
216,216,389,171,0,171,Yape,Pendiente
217,217,391,107,0,107,Tarjeta de débito,Pendiente
218,218,393,196,10,186,Efectivo,Pendiente
219,219,395,121,0,121,Tarjeta de crédito,Pagado
220,220,398,87,0,87,Yape,Pagado
221,221,399,96,10,86,Tarjeta de crédito,Pagado
222,222,401,128,0,128,Plin,Pagado
223,223,402,197,0,197,Yape,Pagado
224,224,404,192,0,192,Tarjeta de débito,Pagado
225,225,405,154,0,154,Efectivo,Exonerado
226,226,406,124,20,104,Plin,Pagado
227,227,408,121,10,111,Tarjeta de débito,Pagado
228,228,412,123,0,123,Tarjeta de débito,Pagado
229,229,415,140,10,130,Plin,Exonerado
230,230,416,122,0,122,Transferencia,Pendiente
231,231,417,197,50,147,Tarjeta de débito,Pagado
232,232,418,138,0,138,Transferencia,Pagado
233,233,419,151,50,101,Plin,Pagado
234,234,421,173,50,123,Tarjeta de crédito,Pagado
235,235,422,89,0,89,Tarjeta de crédito,Pagado
236,236,423,200,50,150,Yape,Pagado
237,237,427,133,10,123,Yape,Pagado
238,238,429,90,50,40,Transferencia,Pagado
239,239,432,178,0,178,Tarjeta de crédito,Pendiente
240,240,434,155,50,105,Tarjeta de crédito,Exonerado
241,241,436,115,20,95,Plin,Pendiente
242,242,437,121,0,121,Tarjeta de crédito,Exonerado
243,243,441,130,10,120,Tarjeta de débito,Exonerado
244,244,442,199,20,179,Yape,Pagado
245,245,443,98,0,98,Tarjeta de crédito,Exonerado
246,246,444,123,0,123,Efectivo,Pendiente
247,247,445,80,0,80,Yape,Pagado
248,248,447,177,0,177,Tarjeta de débito,Exonerado
249,249,448,171,0,171,Tarjeta de crédito,Pagado
250,250,449,98,10,88,Yape,Pagado
251,251,452,140,0,140,Tarjeta de crédito,Exonerado
252,252,455,123,0,123,Plin,Pagado
253,253,456,166,20,146,Transferencia,Pendiente
254,254,457,170,0,170,Tarjeta de débito,Pagado
255,255,458,158,0,158,Transferencia,Pagado
256,256,459,119,0,119,Plin,Pendiente
257,257,460,175,0,175,Efectivo,Pagado
258,258,461,87,20,67,Tarjeta de débito,Pagado
259,259,463,82,10,72,Tarjeta de crédito,Pagado
260,260,464,113,10,103,Efectivo,Pagado
261,261,465,147,20,127,Transferencia,Exonerado
262,262,466,143,0,143,Transferencia,Pagado
263,263,467,146,0,146,Plin,Pendiente
264,264,470,195,0,195,Yape,Pagado
265,265,471,164,0,164,Plin,Exonerado
266,266,472,85,0,85,Efectivo,Exonerado
267,267,473,88,10,78,Efectivo,Pendiente
268,268,474,86,0,86,Tarjeta de crédito,Pagado
269,269,475,87,20,67,Tarjeta de débito,Pagado
270,270,476,116,0,116,Yape,Pagado
271,271,478,111,10,101,Plin,Pendiente
272,272,479,86,50,36,Tarjeta de crédito,Pagado
273,273,482,160,20,140,Tarjeta de crédito,Pagado
274,274,486,108,10,98,Yape,Exonerado
275,275,488,86,50,36,Tarjeta de crédito,Pagado
276,276,489,84,20,64,Tarjeta de crédito,Pendiente
277,277,490,142,50,92,Plin,Pendiente
278,278,493,143,10,133,Transferencia,Pendiente
279,279,494,110,10,100,Tarjeta de débito,Pendiente
280,280,496,128,0,128,Tarjeta de débito,Pagado
281,281,498,118,0,118,Yape,Pagado
282,282,501,106,0,106,Yape,Pagado
283,283,503,158,0,158,Plin,Pagado
284,284,505,105,0,105,Plin,Pagado
285,285,508,93,0,93,Tarjeta de crédito,Pendiente
286,286,510,159,0,159,Yape,Pagado
287,287,512,127,0,127,Tarjeta de crédito,Pagado
288,288,515,148,20,128,Plin,Pagado
289,289,516,104,50,54,Tarjeta de crédito,Pagado
290,290,517,163,0,163,Tarjeta de crédito,Pagado
291,291,518,166,50,116,Efectivo,Pagado
292,292,521,163,20,143,Tarjeta de débito,Pagado
293,293,522,175,0,175,Transferencia,Pagado
294,294,523,98,10,88,Tarjeta de débito,Pagado
295,295,525,135,0,135,Transferencia,Pagado
296,296,526,129,10,119,Tarjeta de débito,Pagado
297,297,529,120,50,70,Efectivo,Pagado
298,298,530,119,20,99,Transferencia,Pendiente
299,299,532,100,0,100,Transferencia,Pagado
300,300,533,151,0,151,Plin,Pagado
301,301,536,164,0,164,Transferencia,Exonerado
302,302,537,138,0,138,Efectivo,Pagado
303,303,538,154,0,154,Efectivo,Pendiente
304,304,539,152,0,152,Transferencia,Pagado
305,305,540,124,0,124,Plin,Pagado
306,306,541,100,0,100,Plin,Pagado
307,307,542,144,20,124,Tarjeta de crédito,Pendiente
308,308,543,139,0,139,Tarjeta de crédito,Pagado
309,309,544,149,0,149,Yape,Pagado
310,310,548,147,20,127,Yape,Pagado
311,311,550,155,50,105,Plin,Exonerado
312,312,552,118,20,98,Tarjeta de débito,Pagado
313,313,553,129,50,79,Plin,Pagado
314,314,554,159,20,139,Efectivo,Exonerado
315,315,555,115,0,115,Transferencia,Pagado
316,316,556,118,10,108,Tarjeta de débito,Pagado
317,317,558,98,0,98,Yape,Pagado
318,318,560,83,0,83,Efectivo,Pagado
319,319,561,101,0,101,Tarjeta de crédito,Exonerado
320,320,563,128,10,118,Yape,Pagado
321,321,564,122,0,122,Transferencia,Pagado
322,322,565,180,0,180,Yape,Exonerado
323,323,568,140,10,130,Yape,Pagado
324,324,569,177,0,177,Efectivo,Pagado
325,325,570,128,10,118,Efectivo,Exonerado
326,326,574,166,0,166,Transferencia,Pendiente
327,327,576,98,50,48,Tarjeta de débito,Pagado
328,328,577,175,0,175,Yape,Pagado
329,329,578,87,50,37,Tarjeta de débito,Pagado
330,330,580,139,10,129,Plin,Pagado
331,331,581,186,50,136,Transferencia,Pagado
332,332,582,114,50,64,Transferencia,Pagado
333,333,583,166,0,166,Efectivo,Pendiente
334,334,584,92,0,92,Plin,Pagado
335,335,586,81,50,31,Transferencia,Exonerado
336,336,589,159,0,159,Plin,Pagado
337,337,590,129,0,129,Tarjeta de débito,Pendiente
338,338,595,121,0,121,Transferencia,Pagado
339,339,596,116,50,66,Tarjeta de crédito,Exonerado
340,340,597,171,50,121,Tarjeta de crédito,Pagado
341,341,598,177,20,157,Transferencia,Pendiente
342,342,599,167,20,147,Tarjeta de débito,Pagado
343,343,600,125,50,75,Efectivo,Pendiente
344,344,603,196,10,186,Yape,Exonerado
345,345,604,88,0,88,Tarjeta de débito,Pendiente
346,346,605,94,50,44,Tarjeta de débito,Pagado
347,347,606,186,10,176,Plin,Pendiente
348,348,607,90,10,80,Transferencia,Exonerado
349,349,608,154,0,154,Efectivo,Exonerado
350,350,609,110,10,100,Plin,Pagado
351,351,610,129,0,129,Transferencia,Pagado
352,352,611,123,20,103,Tarjeta de débito,Pagado
353,353,612,95,50,45,Transferencia,Pagado
354,354,613,190,0,190,Tarjeta de crédito,Pagado
355,355,614,155,0,155,Transferencia,Pagado
356,356,615,103,0,103,Tarjeta de débito,Pagado
357,357,616,199,0,199,Yape,Pagado
358,358,619,127,10,117,Yape,Pendiente
359,359,620,88,20,68,Tarjeta de crédito,Pagado
360,360,623,98,50,48,Plin,Pendiente
361,361,625,195,20,175,Transferencia,Pagado
362,362,628,151,50,101,Transferencia,Exonerado
363,363,629,142,20,122,Tarjeta de débito,Exonerado
364,364,630,141,20,121,Yape,Exonerado
365,365,634,132,50,82,Tarjeta de crédito,Pagado
366,366,636,153,10,143,Tarjeta de crédito,Pagado
367,367,637,124,0,124,Transferencia,Pagado
368,368,638,113,50,63,Tarjeta de crédito,Pendiente
369,369,642,153,0,153,Tarjeta de crédito,Pagado
370,370,644,184,20,164,Plin,Pagado
371,371,645,134,0,134,Tarjeta de crédito,Pagado
372,372,649,80,0,80,Tarjeta de crédito,Pendiente
373,373,650,116,10,106,Yape,Pagado
374,374,651,94,10,84,Transferencia,Pagado
375,375,652,93,20,73,Efectivo,Exonerado
376,376,653,185,20,165,Transferencia,Pagado
377,377,655,139,50,89,Plin,Pagado
378,378,656,187,20,167,Tarjeta de débito,Pagado
379,379,658,108,10,98,Efectivo,Pendiente
380,380,660,180,0,180,Tarjeta de crédito,Pagado
381,381,663,81,10,71,Tarjeta de crédito,Pagado
382,382,664,133,10,123,Tarjeta de crédito,Pagado
383,383,667,142,10,132,Tarjeta de débito,Pendiente
384,384,671,159,50,109,Tarjeta de débito,Pagado
385,385,672,178,20,158,Yape,Pagado
386,386,673,182,0,182,Efectivo,Pagado
387,387,674,192,0,192,Plin,Pagado
388,388,675,107,50,57,Tarjeta de crédito,Pendiente
389,389,678,106,0,106,Tarjeta de crédito,Pagado
390,390,679,119,20,99,Tarjeta de crédito,Pendiente
391,391,682,118,50,68,Transferencia,Pagado
392,392,686,175,0,175,Tarjeta de crédito,Pagado
393,393,687,180,0,180,Transferencia,Pagado
394,394,690,94,20,74,Yape,Pagado
395,395,691,81,0,81,Yape,Pagado
396,396,692,167,10,157,Plin,Exonerado
397,397,694,122,20,102,Plin,Pendiente
398,398,697,97,50,47,Efectivo,Exonerado
399,399,699,122,0,122,Plin,Pagado
400,400,701,170,0,170,Efectivo,Pagado
401,401,702,144,0,144,Transferencia,Pendiente
402,402,706,181,20,161,Efectivo,Pagado
403,403,707,161,10,151,Transferencia,Pendiente
404,404,713,130,0,130,Transferencia,Exonerado
405,405,716,118,10,108,Tarjeta de crédito,Exonerado
406,406,717,89,50,39,Tarjeta de crédito,Pagado
407,407,719,133,0,133,Yape,Exonerado
408,408,721,115,0,115,Efectivo,Pagado
409,409,722,105,50,55,Transferencia,Exonerado
410,410,723,86,50,36,Tarjeta de crédito,Exonerado
411,411,724,115,0,115,Tarjeta de crédito,Pendiente
412,412,725,126,0,126,Tarjeta de débito,Pagado
413,413,728,165,50,115,Efectivo,Pagado
414,414,729,99,50,49,Tarjeta de débito,Pagado
415,415,731,96,50,46,Transferencia,Pagado
416,416,733,133,10,123,Efectivo,Exonerado
417,417,734,160,0,160,Efectivo,Pagado
418,418,735,86,0,86,Transferencia,Exonerado
419,419,739,138,20,118,Efectivo,Pendiente
420,420,741,181,0,181,Tarjeta de crédito,Pendiente
421,421,742,122,0,122,Tarjeta de débito,Exonerado
422,422,743,117,20,97,Yape,Pagado
423,423,745,144,0,144,Tarjeta de crédito,Exonerado
424,424,746,144,0,144,Yape,Exonerado
425,425,747,195,0,195,Efectivo,Pagado
426,426,748,121,0,121,Tarjeta de débito,Exonerado
427,427,753,139,10,129,Transferencia,Pendiente
428,428,754,114,20,94,Efectivo,Pagado
429,429,755,131,50,81,Efectivo,Pendiente
430,430,757,189,0,189,Transferencia,Pendiente
431,431,758,187,0,187,Tarjeta de crédito,Exonerado
432,432,760,195,0,195,Tarjeta de crédito,Pendiente
433,433,761,93,20,73,Plin,Pagado
434,434,763,164,0,164,Plin,Exonerado
435,435,764,165,0,165,Tarjeta de crédito,Exonerado
436,436,765,119,20,99,Tarjeta de débito,Exonerado
437,437,766,179,0,179,Tarjeta de crédito,Pagado
438,438,767,174,0,174,Transferencia,Pendiente
439,439,768,186,10,176,Transferencia,Pagado
440,440,769,172,0,172,Yape,Exonerado
441,441,770,188,10,178,Tarjeta de débito,Pagado
442,442,771,82,50,32,Efectivo,Exonerado
443,443,772,188,0,188,Plin,Pagado
444,444,774,156,0,156,Plin,Pendiente
445,445,775,175,10,165,Yape,Pagado
446,446,776,98,0,98,Yape,Pagado
447,447,777,199,20,179,Tarjeta de crédito,Pendiente
448,448,779,183,0,183,Efectivo,Exonerado
449,449,782,179,0,179,Efectivo,Pagado
450,450,783,161,10,151,Efectivo,Pendiente
451,451,785,129,0,129,Yape,Pagado
452,452,787,165,0,165,Transferencia,Pagado
453,453,788,170,20,150,Transferencia,Exonerado
454,454,789,85,10,75,Tarjeta de crédito,Pagado
455,455,793,165,0,165,Efectivo,Pagado
456,456,794,198,50,148,Plin,Pagado
457,457,795,150,20,130,Efectivo,Pagado
458,458,797,100,0,100,Yape,Exonerado
459,459,800,134,10,124,Transferencia,Pendiente
460,460,801,108,10,98,Tarjeta de crédito,Pagado
461,461,803,105,50,55,Transferencia,Pagado
462,462,804,117,0,117,Yape,Pagado
463,463,805,194,10,184,Tarjeta de débito,Pendiente
464,464,806,141,0,141,Transferencia,Pagado
465,465,807,154,50,104,Plin,Pagado
466,466,808,124,10,114,Plin,Pagado
467,467,809,142,0,142,Tarjeta de crédito,Exonerado
468,468,812,132,10,122,Transferencia,Pagado
469,469,813,120,0,120,Transferencia,Pendiente
470,470,818,105,20,85,Tarjeta de crédito,Pagado
471,471,819,130,0,130,Plin,Exonerado
472,472,820,80,20,60,Plin,Pagado
473,473,822,114,10,104,Yape,Exonerado
474,474,824,143,50,93,Tarjeta de crédito,Pagado
475,475,826,176,0,176,Yape,Exonerado
476,476,827,134,20,114,Efectivo,Pagado
477,477,828,188,0,188,Tarjeta de débito,Pagado
478,478,829,92,0,92,Yape,Pagado
479,479,830,134,10,124,Tarjeta de crédito,Pagado
480,480,831,114,10,104,Yape,Pagado
481,481,834,167,0,167,Yape,Pagado
482,482,836,146,0,146,Tarjeta de débito,Pagado
483,483,837,188,0,188,Tarjeta de débito,Pendiente
484,484,838,95,0,95,Yape,Pendiente
485,485,839,178,50,128,Efectivo,Pagado
486,486,840,83,0,83,Yape,Pagado
487,487,843,193,0,193,Transferencia,Pagado
488,488,845,146,20,126,Tarjeta de débito,Pagado
489,489,848,130,10,120,Plin,Pagado
490,490,849,160,0,160,Plin,Pendiente
491,491,851,116,0,116,Transferencia,Exonerado
492,492,853,109,20,89,Plin,Pagado
493,493,854,150,20,130,Tarjeta de débito,Pagado
494,494,855,106,0,106,Yape,Exonerado
495,495,858,120,20,100,Transferencia,Pendiente
496,496,860,88,20,68,Tarjeta de crédito,Pagado
497,497,862,93,0,93,Efectivo,Pagado
498,498,863,117,0,117,Plin,Exonerado
499,499,865,161,0,161,Plin,Pagado
500,500,866,125,50,75,Efectivo,Pagado
501,501,868,91,20,71,Plin,Pagado
502,502,870,105,0,105,Yape,Pagado
503,503,873,190,50,140,Efectivo,Exonerado
504,504,874,117,0,117,Plin,Exonerado
505,505,875,116,0,116,Tarjeta de crédito,Pagado
506,506,876,152,10,142,Yape,Exonerado
507,507,880,174,20,154,Efectivo,Pagado
508,508,881,177,0,177,Tarjeta de crédito,Exonerado
509,509,882,149,50,99,Transferencia,Pendiente
510,510,884,139,10,129,Transferencia,Pagado
511,511,885,160,10,150,Tarjeta de crédito,Exonerado
512,512,887,153,0,153,Efectivo,Pagado
513,513,888,179,0,179,Efectivo,Pagado
514,514,889,152,20,132,Transferencia,Exonerado
515,515,890,107,20,87,Transferencia,Pagado
516,516,891,117,50,67,Plin,Pagado
517,517,892,82,20,62,Efectivo,Exonerado
518,518,894,105,10,95,Tarjeta de crédito,Pagado
519,519,895,168,20,148,Plin,Pagado
520,520,898,161,20,141,Plin,Pendiente
521,521,899,170,0,170,Tarjeta de crédito,Pendiente
522,522,900,176,10,166,Tarjeta de crédito,Exonerado
523,523,901,101,0,101,Transferencia,Pagado
524,524,904,124,0,124,Yape,Pagado
525,525,906,150,0,150,Efectivo,Pagado
526,526,908,108,0,108,Efectivo,Pendiente
527,527,911,145,10,135,Efectivo,Pagado
528,528,913,136,10,126,Transferencia,Pendiente
529,529,914,143,0,143,Yape,Pagado
530,530,915,170,50,120,Yape,Exonerado
531,531,916,157,0,157,Efectivo,Pagado
532,532,920,87,0,87,Yape,Pendiente
533,533,922,120,10,110,Tarjeta de débito,Pagado
534,534,923,125,20,105,Yape,Pagado
535,535,925,110,50,60,Efectivo,Pagado
536,536,928,133,0,133,Transferencia,Pendiente
537,537,930,142,20,122,Transferencia,Pagado
538,538,931,156,50,106,Tarjeta de crédito,Pagado
539,539,932,177,20,157,Transferencia,Pagado
540,540,933,128,0,128,Tarjeta de débito,Pendiente
541,541,938,88,0,88,Transferencia,Pagado
542,542,939,153,10,143,Transferencia,Pagado
543,543,940,169,0,169,Efectivo,Pagado
544,544,941,120,0,120,Transferencia,Pagado
545,545,942,177,0,177,Tarjeta de débito,Pendiente
546,546,943,172,0,172,Tarjeta de débito,Exonerado
547,547,944,148,0,148,Tarjeta de débito,Pagado
548,548,945,172,10,162,Plin,Exonerado
549,549,946,153,0,153,Plin,Pagado
550,550,947,184,20,164,Tarjeta de débito,Pagado
551,551,949,177,0,177,Efectivo,Pagado
552,552,950,174,10,164,Transferencia,Pagado
553,553,952,180,0,180,Yape,Pagado
554,554,954,89,0,89,Transferencia,Pendiente
555,555,955,116,50,66,Transferencia,Pendiente
556,556,956,84,50,34,Tarjeta de débito,Pagado
557,557,958,164,10,154,Yape,Pagado
558,558,959,157,20,137,Tarjeta de crédito,Exonerado
559,559,960,174,0,174,Efectivo,Exonerado
560,560,961,108,0,108,Transferencia,Pagado
561,561,964,169,0,169,Tarjeta de crédito,Pendiente
562,562,966,120,20,100,Transferencia,Pagado
563,563,967,111,50,61,Tarjeta de débito,Pagado
564,564,969,128,0,128,Plin,Pagado
565,565,970,189,0,189,Yape,Exonerado
566,566,972,99,0,99,Tarjeta de débito,Exonerado
567,567,973,193,0,193,Tarjeta de crédito,Pagado
568,568,974,178,0,178,Transferencia,Pagado
569,569,975,123,0,123,Tarjeta de débito,Pagado
570,570,978,172,10,162,Yape,Pagado
571,571,980,131,0,131,Yape,Exonerado
572,572,984,80,50,30,Tarjeta de crédito,Pagado
573,573,985,114,50,64,Plin,Pagado
574,574,986,139,0,139,Transferencia,Pagado
575,575,988,165,20,145,Plin,Pendiente
576,576,989,178,0,178,Plin,Exonerado
577,577,991,196,50,146,Transferencia,Exonerado
578,578,992,199,10,189,Plin,Pagado
579,579,997,141,10,131,Plin,Pagado
580,580,998,194,0,194,Plin,Pendiente
581,581,999,83,0,83,Plin,Exonerado
582,582,1000,124,50,74,Tarjeta de débito,Pendiente
583,583,1003,151,10,141,Plin,Pagado
584,584,1007,132,20,112,Efectivo,Exonerado
585,585,1011,191,0,191,Efectivo,Exonerado
586,586,1012,99,0,99,Plin,Exonerado
587,587,1013,115,0,115,Plin,Pagado
588,588,1014,199,50,149,Tarjeta de crédito,Pagado
589,589,1015,145,50,95,Efectivo,Pendiente
590,590,1016,103,0,103,Tarjeta de crédito,Exonerado
591,591,1017,112,50,62,Efectivo,Exonerado
592,592,1018,126,0,126,Tarjeta de débito,Pagado
593,593,1020,115,0,115,Yape,Exonerado
594,594,1021,101,0,101,Yape,Exonerado
595,595,1022,193,0,193,Efectivo,Pagado
596,596,1023,178,0,178,Efectivo,Pagado
597,597,1024,124,10,114,Tarjeta de crédito,Pagado
598,598,1025,105,0,105,Yape,Pagado
599,599,1029,135,10,125,Tarjeta de crédito,Pagado
600,600,1030,165,0,165,Yape,Pagado
601,601,1034,119,10,109,Yape,Exonerado
602,602,1035,128,0,128,Transferencia,Pagado
603,603,1037,134,20,114,Yape,Pendiente
604,604,1038,163,0,163,Efectivo,Pagado
605,605,1040,98,50,48,Tarjeta de débito,Pagado
606,606,1041,147,10,137,Tarjeta de crédito,Exonerado
607,607,1042,132,20,112,Tarjeta de débito,Pendiente
608,608,1045,117,50,67,Tarjeta de crédito,Pagado
609,609,1047,136,10,126,Efectivo,Exonerado
610,610,1048,185,20,165,Tarjeta de crédito,Pagado
611,611,1049,82,20,62,Tarjeta de crédito,Pagado
612,612,1051,149,10,139,Tarjeta de crédito,Exonerado
613,613,1052,156,50,106,Plin,Pagado
614,614,1054,130,10,120,Plin,Pagado
615,615,1055,130,0,130,Efectivo,Pendiente
616,616,1057,105,0,105,Efectivo,Exonerado
617,617,1058,117,10,107,Efectivo,Pagado
618,618,1059,140,0,140,Plin,Pendiente
619,619,1060,194,0,194,Yape,Pagado
620,620,1061,110,0,110,Plin,Pendiente
621,621,1063,119,20,99,Efectivo,Exonerado
622,622,1064,185,0,185,Plin,Pendiente
623,623,1068,116,20,96,Efectivo,Pagado
624,624,1069,135,0,135,Tarjeta de débito,Pagado
625,625,1070,189,50,139,Efectivo,Pagado
626,626,1071,200,0,200,Efectivo,Pagado
627,627,1072,129,10,119,Tarjeta de crédito,Pendiente
628,628,1074,135,0,135,Tarjeta de crédito,Exonerado
629,629,1079,115,0,115,Tarjeta de débito,Pagado
630,630,1080,89,0,89,Efectivo,Exonerado
631,631,1082,161,0,161,Transferencia,Exonerado
632,632,1084,196,10,186,Tarjeta de crédito,Pagado
633,633,1087,194,20,174,Tarjeta de débito,Pagado
634,634,1089,177,0,177,Plin,Pagado
635,635,1091,145,0,145,Yape,Pendiente
636,636,1092,90,0,90,Transferencia,Pendiente
637,637,1093,175,0,175,Plin,Pagado
638,638,1094,103,10,93,Efectivo,Pagado
639,639,1099,133,20,113,Efectivo,Pagado
640,640,1100,136,0,136,Yape,Pagado
641,641,1101,105,20,85,Plin,Exonerado
642,642,1103,93,50,43,Transferencia,Pagado
643,643,1104,195,0,195,Tarjeta de débito,Pagado
644,644,1105,83,10,73,Transferencia,Pendiente
645,645,1106,149,20,129,Tarjeta de débito,Pagado
646,646,1108,140,0,140,Tarjeta de crédito,Pagado
647,647,1109,135,0,135,Efectivo,Pagado
648,648,1111,196,50,146,Tarjeta de débito,Pagado
649,649,1112,194,0,194,Yape,Exonerado
650,650,1113,104,0,104,Tarjeta de débito,Pagado
651,651,1115,188,0,188,Transferencia,Pagado
652,652,1116,182,0,182,Plin,Pagado
653,653,1118,167,10,157,Tarjeta de crédito,Exonerado
654,654,1120,146,0,146,Efectivo,Pagado
655,655,1121,111,50,61,Plin,Pagado
656,656,1123,124,50,74,Plin,Pagado
657,657,1124,187,10,177,Transferencia,Pendiente
658,658,1125,92,0,92,Yape,Pagado
659,659,1129,109,0,109,Plin,Pagado
660,660,1130,179,0,179,Transferencia,Pagado
661,661,1131,112,10,102,Yape,Pagado
662,662,1132,125,0,125,Plin,Pagado
663,663,1133,101,20,81,Yape,Pagado
664,664,1134,117,20,97,Tarjeta de crédito,Pagado
665,665,1135,80,0,80,Yape,Exonerado
666,666,1136,89,0,89,Plin,Pagado
667,667,1137,86,20,66,Yape,Pagado
668,668,1138,97,0,97,Transferencia,Pendiente
669,669,1139,150,0,150,Efectivo,Pagado
670,670,1140,133,20,113,Transferencia,Pagado
671,671,1141,122,0,122,Tarjeta de débito,Pagado
672,672,1142,141,50,91,Tarjeta de crédito,Pagado
673,673,1144,115,50,65,Yape,Pagado
674,674,1146,109,20,89,Tarjeta de débito,Pagado
675,675,1147,86,0,86,Plin,Pagado
676,676,1148,126,0,126,Plin,Pagado
677,677,1149,142,0,142,Yape,Pendiente
678,678,1154,184,0,184,Tarjeta de crédito,Exonerado
679,679,1155,109,20,89,Tarjeta de débito,Pagado
680,680,1156,86,50,36,Tarjeta de crédito,Pendiente
681,681,1157,162,10,152,Tarjeta de débito,Pagado
682,682,1162,106,20,86,Yape,Exonerado
683,683,1163,114,0,114,Plin,Exonerado
684,684,1165,176,0,176,Plin,Exonerado
685,685,1166,82,0,82,Tarjeta de crédito,Pagado
686,686,1167,146,10,136,Plin,Pagado
687,687,1169,185,0,185,Tarjeta de débito,Exonerado
688,688,1170,132,50,82,Tarjeta de crédito,Pagado
689,689,1171,155,50,105,Efectivo,Exonerado
690,690,1172,120,0,120,Tarjeta de débito,Pagado
691,691,1173,176,0,176,Plin,Exonerado
692,692,1174,189,10,179,Plin,Pagado
693,693,1175,122,20,102,Efectivo,Pagado
694,694,1176,95,20,75,Tarjeta de crédito,Pagado
695,695,1177,139,10,129,Tarjeta de crédito,Pagado
696,696,1178,87,20,67,Efectivo,Pendiente
697,697,1179,112,0,112,Tarjeta de débito,Pendiente
698,698,1180,153,50,103,Tarjeta de crédito,Exonerado
699,699,1181,93,50,43,Efectivo,Pendiente
700,700,1182,95,10,85,Tarjeta de débito,Pagado
701,701,1185,83,0,83,Plin,Pagado
702,702,1186,125,10,115,Yape,Exonerado
703,703,1187,168,0,168,Yape,Pendiente
704,704,1188,122,50,72,Transferencia,Pagado
705,705,1189,141,0,141,Tarjeta de débito,Exonerado
706,706,1193,128,10,118,Transferencia,Pagado
707,707,1199,136,0,136,Tarjeta de crédito,Pendiente
708,708,1201,128,50,78,Efectivo,Pagado
709,709,1202,188,10,178,Tarjeta de débito,Pagado
710,710,1203,98,0,98,Yape,Pagado
711,711,1204,149,0,149,Tarjeta de crédito,Pendiente
712,712,1205,146,20,126,Tarjeta de crédito,Exonerado
713,713,1206,161,0,161,Tarjeta de débito,Pagado
714,714,1207,181,20,161,Plin,Exonerado
715,715,1208,160,0,160,Efectivo,Pagado
716,716,1209,107,20,87,Tarjeta de crédito,Pagado
717,717,1212,94,10,84,Efectivo,Pagado
718,718,1213,130,20,110,Plin,Pagado
719,719,1215,141,10,131,Tarjeta de débito,Pagado
720,720,1217,168,10,158,Transferencia,Exonerado
721,721,1220,117,20,97,Efectivo,Pagado
722,722,1223,165,50,115,Efectivo,Pendiente
723,723,1224,105,10,95,Transferencia,Exonerado
724,724,1225,88,10,78,Tarjeta de débito,Pagado
725,725,1226,113,50,63,Yape,Pagado
726,726,1227,111,0,111,Tarjeta de crédito,Pendiente
727,727,1228,129,0,129,Tarjeta de crédito,Exonerado
728,728,1229,186,20,166,Tarjeta de crédito,Exonerado
729,729,1230,108,0,108,Tarjeta de crédito,Exonerado
730,730,1231,177,0,177,Tarjeta de crédito,Exonerado
731,731,1234,126,0,126,Plin,Pendiente
732,732,1235,85,20,65,Plin,Exonerado
733,733,1236,124,0,124,Tarjeta de crédito,Exonerado
734,734,1238,183,20,163,Transferencia,Pagado
735,735,1239,117,50,67,Efectivo,Pagado
736,736,1242,90,0,90,Yape,Exonerado
737,737,1245,142,50,92,Tarjeta de débito,Pendiente
738,738,1246,122,0,122,Plin,Pendiente
739,739,1247,105,50,55,Plin,Pendiente
740,740,1248,189,10,179,Efectivo,Pagado
741,741,1249,177,20,157,Yape,Pagado
742,742,1250,153,10,143,Transferencia,Exonerado
743,743,1251,88,20,68,Tarjeta de débito,Pagado
744,744,1253,185,10,175,Tarjeta de débito,Exonerado
745,745,1255,141,10,131,Tarjeta de crédito,Exonerado
746,746,1256,129,0,129,Efectivo,Pagado
747,747,1257,178,50,128,Tarjeta de débito,Pagado
748,748,1258,123,10,113,Tarjeta de crédito,Pendiente
749,749,1260,149,50,99,Yape,Pagado
750,750,1263,198,0,198,Yape,Pagado
751,751,1264,117,0,117,Plin,Pendiente
752,752,1267,193,0,193,Transferencia,Exonerado
753,753,1269,161,0,161,Tarjeta de crédito,Pagado
754,754,1270,140,50,90,Tarjeta de crédito,Pagado
755,755,1271,194,50,144,Yape,Exonerado
756,756,1273,138,50,88,Transferencia,Pagado
757,757,1274,166,50,116,Transferencia,Exonerado
758,758,1275,155,0,155,Transferencia,Pagado
759,759,1278,144,10,134,Tarjeta de crédito,Pagado
760,760,1279,132,0,132,Tarjeta de débito,Pagado
761,761,1280,95,0,95,Tarjeta de débito,Exonerado
762,762,1282,189,0,189,Transferencia,Exonerado
763,763,1283,197,50,147,Transferencia,Pendiente
764,764,1284,199,0,199,Tarjeta de crédito,Pendiente
765,765,1287,121,10,111,Plin,Pagado
766,766,1288,150,0,150,Yape,Pagado
767,767,1289,187,20,167,Efectivo,Pagado
768,768,1291,188,10,178,Yape,Exonerado
769,769,1296,162,20,142,Yape,Pagado
770,770,1298,196,50,146,Tarjeta de crédito,Pagado
771,771,1299,153,50,103,Yape,Pagado
772,772,1300,159,10,149,Efectivo,Exonerado
773,773,1301,117,0,117,Plin,Pagado
774,774,1305,166,20,146,Tarjeta de débito,Pagado
775,775,1306,104,10,94,Plin,Pagado
776,776,1311,87,50,37,Tarjeta de débito,Pagado
777,777,1312,138,10,128,Tarjeta de crédito,Pagado
778,778,1315,147,0,147,Tarjeta de débito,Exonerado
779,779,1318,131,10,121,Efectivo,Pendiente
780,780,1319,185,0,185,Transferencia,Exonerado
781,781,1322,186,0,186,Tarjeta de débito,Exonerado
782,782,1324,170,0,170,Tarjeta de débito,Pagado
783,783,1325,80,0,80,Efectivo,Pagado
784,784,1327,84,10,74,Tarjeta de débito,Pendiente
785,785,1334,85,0,85,Tarjeta de crédito,Pagado
786,786,1335,86,50,36,Transferencia,Pagado
787,787,1336,179,0,179,Transferencia,Exonerado
788,788,1337,142,0,142,Yape,Pendiente
789,789,1338,147,50,97,Tarjeta de crédito,Pagado
790,790,1342,173,20,153,Yape,Pagado
791,791,1343,175,0,175,Tarjeta de crédito,Pendiente
792,792,1344,198,0,198,Plin,Pagado
793,793,1345,113,20,93,Plin,Pendiente
794,794,1347,153,50,103,Yape,Pagado
795,795,1348,194,0,194,Efectivo,Exonerado
796,796,1349,141,50,91,Tarjeta de crédito,Pendiente
797,797,1350,132,50,82,Tarjeta de débito,Pagado
798,798,1351,137,50,87,Tarjeta de débito,Exonerado
799,799,1352,195,10,185,Yape,Pagado
800,800,1353,165,10,155,Efectivo,Pagado
801,801,1361,187,50,137,Tarjeta de débito,Pagado
802,802,1362,155,50,105,Plin,Pagado
803,803,1365,125,50,75,Plin,Exonerado
804,804,1368,87,10,77,Plin,Pendiente
805,805,1369,138,0,138,Yape,Pagado
806,806,1371,104,50,54,Transferencia,Pagado
807,807,1372,178,50,128,Efectivo,Pendiente
808,808,1374,117,0,117,Plin,Pagado
809,809,1375,112,0,112,Tarjeta de crédito,Pagado
810,810,1377,128,0,128,Efectivo,Pagado
811,811,1378,95,0,95,Efectivo,Pendiente
812,812,1381,167,10,157,Transferencia,Pendiente
813,813,1383,125,0,125,Transferencia,Pagado
814,814,1384,136,0,136,Tarjeta de crédito,Pendiente
815,815,1386,153,50,103,Plin,Pendiente
816,816,1387,93,10,83,Transferencia,Pagado
817,817,1388,174,0,174,Efectivo,Pendiente
818,818,1389,191,0,191,Tarjeta de crédito,Pendiente
819,819,1390,100,20,80,Plin,Exonerado
820,820,1392,197,0,197,Plin,Pagado
821,821,1393,106,20,86,Yape,Pagado
822,822,1394,142,50,92,Transferencia,Pendiente
823,823,1397,130,0,130,Tarjeta de crédito,Pendiente
824,824,1399,84,0,84,Plin,Pagado
825,825,1401,119,0,119,Efectivo,Pendiente
826,826,1402,161,0,161,Yape,Pagado
827,827,1403,120,20,100,Tarjeta de débito,Pendiente
828,828,1406,114,10,104,Tarjeta de crédito,Pagado
829,829,1407,133,0,133,Tarjeta de débito,Pendiente
830,830,1408,183,10,173,Yape,Pagado
831,831,1410,163,0,163,Plin,Pagado
832,832,1413,135,20,115,Efectivo,Pendiente
833,833,1415,168,0,168,Tarjeta de débito,Pagado
834,834,1416,84,50,34,Tarjeta de crédito,Pendiente
835,835,1417,196,0,196,Tarjeta de crédito,Pagado
836,836,1418,83,50,33,Yape,Pendiente
837,837,1419,108,0,108,Tarjeta de crédito,Pagado
838,838,1420,181,50,131,Efectivo,Pendiente
839,839,1422,129,10,119,Transferencia,Pendiente
840,840,1424,121,0,121,Plin,Pagado
841,841,1426,121,0,121,Plin,Pagado
842,842,1427,115,0,115,Plin,Pagado
843,843,1428,168,10,158,Yape,Pagado
844,844,1429,108,0,108,Tarjeta de crédito,Pagado
845,845,1431,200,20,180,Plin,Pendiente
846,846,1432,196,0,196,Transferencia,Exonerado
847,847,1433,165,0,165,Tarjeta de débito,Exonerado
848,848,1435,193,0,193,Tarjeta de crédito,Exonerado
849,849,1437,84,0,84,Transferencia,Pagado
850,850,1438,103,0,103,Tarjeta de crédito,Pendiente
851,851,1439,179,10,169,Yape,Exonerado
852,852,1440,129,0,129,Tarjeta de débito,Pagado
853,853,1441,186,0,186,Tarjeta de crédito,Pendiente
854,854,1442,94,0,94,Efectivo,Pagado
855,855,1443,136,0,136,Plin,Pagado
856,856,1447,165,0,165,Transferencia,Pagado
857,857,1448,126,0,126,Yape,Pagado
858,858,1450,84,20,64,Transferencia,Exonerado
859,859,1451,143,0,143,Tarjeta de débito,Pagado
860,860,1453,96,0,96,Tarjeta de débito,Exonerado
861,861,1454,154,50,104,Yape,Exonerado
862,862,1455,135,50,85,Tarjeta de crédito,Pagado
863,863,1457,151,10,141,Yape,Pagado
864,864,1458,191,10,181,Tarjeta de crédito,Pagado
865,865,1459,135,0,135,Efectivo,Pendiente
866,866,1460,162,0,162,Tarjeta de débito,Pagado
867,867,1461,88,0,88,Efectivo,Pendiente
868,868,1462,182,20,162,Transferencia,Pagado
869,869,1463,89,20,69,Tarjeta de crédito,Pendiente
870,870,1464,192,20,172,Tarjeta de débito,Exonerado
871,871,1465,122,0,122,Efectivo,Pagado
872,872,1468,138,0,138,Tarjeta de débito,Pagado
873,873,1470,183,0,183,Yape,Pagado
874,874,1472,165,0,165,Yape,Pendiente
875,875,1474,134,50,84,Tarjeta de crédito,Pagado
876,876,1480,105,0,105,Transferencia,Pagado
877,877,1482,130,0,130,Plin,Pendiente
878,878,1483,89,0,89,Tarjeta de crédito,Pendiente
879,879,1485,178,0,178,Tarjeta de crédito,Pagado
880,880,1487,183,0,183,Tarjeta de crédito,Pagado
881,881,1488,195,10,185,Efectivo,Exonerado
882,882,1493,92,0,92,Efectivo,Pagado
883,883,1495,147,50,97,Efectivo,Pagado
884,884,1497,154,50,104,Transferencia,Pagado
885,885,1498,158,20,138,Yape,Pagado
886,886,1499,85,20,65,Yape,Pagado
887,887,1500,111,10,101,Tarjeta de débito,Exonerado
888,888,1501,165,50,115,Plin,Pagado
889,889,1503,183,0,183,Transferencia,Exonerado
890,890,1504,94,10,84,Yape,Pagado
891,891,1506,81,50,31,Efectivo,Exonerado
892,892,1507,189,0,189,Tarjeta de débito,Exonerado
893,893,1508,149,20,129,Yape,Pagado
894,894,1510,122,50,72,Yape,Pagado
895,895,1511,149,0,149,Tarjeta de débito,Pagado
896,896,1512,104,0,104,Tarjeta de débito,Pagado
897,897,1516,123,0,123,Yape,Pagado
898,898,1517,168,50,118,Efectivo,Pagado
899,899,1519,128,50,78,Tarjeta de crédito,Pagado
900,900,1523,162,20,142,Plin,Pendiente
901,901,1524,183,20,163,Yape,Pagado
902,902,1526,161,0,161,Efectivo,Pagado
903,903,1530,88,0,88,Transferencia,Pendiente
904,904,1531,152,0,152,Transferencia,Pagado
905,905,1532,193,0,193,Plin,Pagado
906,906,1533,100,0,100,Transferencia,Pendiente
907,907,1534,186,10,176,Tarjeta de débito,Pagado
908,908,1535,144,0,144,Tarjeta de crédito,Pagado
909,909,1536,152,20,132,Tarjeta de crédito,Pendiente
910,910,1537,179,0,179,Efectivo,Pendiente
911,911,1538,184,0,184,Yape,Exonerado
912,912,1539,185,20,165,Tarjeta de débito,Exonerado
913,913,1542,195,50,145,Plin,Pagado
914,914,1543,156,0,156,Tarjeta de crédito,Pendiente
915,915,1544,80,20,60,Tarjeta de crédito,Pagado
916,916,1547,111,0,111,Efectivo,Pagado
917,917,1549,175,10,165,Tarjeta de débito,Pendiente
918,918,1550,167,0,167,Transferencia,Pagado
919,919,1551,177,10,167,Transferencia,Pagado
920,920,1556,142,20,122,Plin,Pagado
921,921,1557,107,0,107,Tarjeta de débito,Exonerado
922,922,1562,159,0,159,Efectivo,Pagado
923,923,1563,110,20,90,Yape,Pendiente
924,924,1565,117,50,67,Efectivo,Pendiente
925,925,1567,114,0,114,Efectivo,Exonerado
926,926,1570,129,0,129,Plin,Exonerado
927,927,1571,192,0,192,Tarjeta de crédito,Pagado
928,928,1574,178,0,178,Tarjeta de crédito,Pagado
929,929,1577,140,0,140,Tarjeta de débito,Exonerado
930,930,1578,197,10,187,Transferencia,Pagado
931,931,1580,92,0,92,Transferencia,Pagado
932,932,1581,194,0,194,Plin,Exonerado
933,933,1583,126,0,126,Transferencia,Pagado
934,934,1586,121,20,101,Transferencia,Pagado
935,935,1589,144,50,94,Efectivo,Pagado
936,936,1590,189,20,169,Tarjeta de crédito,Exonerado
937,937,1591,111,0,111,Efectivo,Exonerado
938,938,1593,108,0,108,Tarjeta de débito,Pagado
939,939,1594,187,0,187,Plin,Pendiente
940,940,1595,145,20,125,Tarjeta de débito,Exonerado
941,941,1599,149,20,129,Efectivo,Exonerado
942,942,1600,102,0,102,Transferencia,Exonerado
943,943,1601,129,0,129,Transferencia,Exonerado
944,944,1602,105,0,105,Tarjeta de débito,Exonerado
945,945,1603,133,0,133,Transferencia,Pendiente
946,946,1604,168,0,168,Tarjeta de crédito,Pagado
947,947,1605,133,20,113,Tarjeta de crédito,Pagado
948,948,1608,183,0,183,Transferencia,Pagado
949,949,1610,109,0,109,Efectivo,Exonerado
950,950,1611,106,20,86,Plin,Exonerado
951,951,1612,170,0,170,Tarjeta de débito,Pendiente
952,952,1615,186,20,166,Plin,Pagado
953,953,1617,100,0,100,Yape,Pagado
954,954,1620,91,10,81,Transferencia,Pagado
955,955,1621,166,0,166,Transferencia,Pagado
956,956,1625,152,0,152,Tarjeta de débito,Pagado
957,957,1626,97,50,47,Transferencia,Exonerado
958,958,1629,116,0,116,Transferencia,Pagado
959,959,1631,179,0,179,Plin,Pagado
960,960,1632,115,0,115,Plin,Pagado
961,961,1633,169,0,169,Yape,Pagado
962,962,1634,83,50,33,Tarjeta de crédito,Pagado
963,963,1635,110,50,60,Plin,Pagado
964,964,1636,185,20,165,Transferencia,Pendiente
965,965,1637,139,20,119,Plin,Pagado
966,966,1638,193,10,183,Transferencia,Pendiente
967,967,1639,175,0,175,Transferencia,Pendiente
968,968,1641,162,50,112,Tarjeta de crédito,Pagado
969,969,1644,171,0,171,Efectivo,Pagado
970,970,1645,117,0,117,Yape,Pagado
971,971,1646,145,0,145,Tarjeta de crédito,Pendiente
972,972,1648,188,20,168,Tarjeta de crédito,Pendiente
973,973,1649,82,0,82,Plin,Exonerado
974,974,1653,137,10,127,Plin,Pendiente
975,975,1655,180,20,160,Tarjeta de débito,Pagado
976,976,1656,104,50,54,Tarjeta de débito,Pagado
977,977,1657,97,0,97,Tarjeta de crédito,Exonerado
978,978,1660,108,20,88,Tarjeta de crédito,Pagado
979,979,1661,113,0,113,Tarjeta de débito,Pendiente
980,980,1663,141,10,131,Tarjeta de crédito,Pendiente
981,981,1664,138,0,138,Tarjeta de débito,Pendiente
982,982,1665,166,0,166,Efectivo,Pagado
983,983,1667,93,50,43,Yape,Exonerado
984,984,1668,192,0,192,Tarjeta de crédito,Pagado
985,985,1670,92,0,92,Yape,Pagado
986,986,1671,135,0,135,Tarjeta de crédito,Pendiente
987,987,1672,104,20,84,Tarjeta de crédito,Exonerado
988,988,1673,185,10,175,Plin,Exonerado
989,989,1674,142,20,122,Yape,Pagado
990,990,1676,102,0,102,Plin,Pagado
991,991,1677,139,0,139,Plin,Exonerado
992,992,1678,178,20,158,Tarjeta de crédito,Pagado
993,993,1679,164,20,144,Yape,Pagado
994,994,1682,137,10,127,Efectivo,Pendiente
995,995,1683,153,50,103,Plin,Pagado
996,996,1684,167,20,147,Tarjeta de crédito,Exonerado
997,997,1685,123,0,123,Tarjeta de crédito,Pagado
998,998,1686,99,0,99,Tarjeta de débito,Pendiente
999,999,1687,90,10,80,Plin,Pendiente
1000,1000,1689,155,0,155,Transferencia,Pendiente
1001,1001,1697,162,10,152,Yape,Pagado
1002,1002,1699,146,20,126,Yape,Pendiente
1003,1003,1700,107,50,57,Transferencia,Pagado
1004,1004,1702,191,0,191,Yape,Pagado
1005,1005,1703,159,50,109,Tarjeta de débito,Pagado
1006,1006,1704,180,20,160,Tarjeta de crédito,Pagado
1007,1007,1705,94,50,44,Yape,Pagado
1008,1008,1710,175,10,165,Tarjeta de crédito,Pagado
1009,1009,1712,160,0,160,Plin,Pagado
1010,1010,1715,91,20,71,Tarjeta de débito,Pendiente
1011,1011,1717,107,10,97,Transferencia,Exonerado
1012,1012,1718,134,0,134,Transferencia,Pagado
1013,1013,1719,144,20,124,Transferencia,Pagado
1014,1014,1720,117,20,97,Yape,Pendiente
1015,1015,1721,166,10,156,Yape,Pagado
1016,1016,1723,170,10,160,Yape,Pagado
1017,1017,1724,183,0,183,Efectivo,Pagado
1018,1018,1725,150,50,100,Plin,Pagado
1019,1019,1726,82,0,82,Efectivo,Pagado
1020,1020,1727,102,20,82,Transferencia,Pendiente
1021,1021,1728,156,0,156,Transferencia,Pagado
1022,1022,1729,120,0,120,Tarjeta de débito,Pendiente
1023,1023,1730,121,20,101,Tarjeta de débito,Pagado
1024,1024,1732,112,20,92,Efectivo,Exonerado
1025,1025,1734,169,10,159,Transferencia,Pagado
1026,1026,1738,160,50,110,Plin,Pagado
1027,1027,1739,164,20,144,Efectivo,Pagado
1028,1028,1740,171,0,171,Plin,Pagado
1029,1029,1741,145,50,95,Transferencia,Pagado
1030,1030,1742,114,0,114,Plin,Pagado
1031,1031,1743,141,50,91,Plin,Pagado
1032,1032,1744,192,50,142,Plin,Exonerado
1033,1033,1745,130,10,120,Tarjeta de débito,Pagado
1034,1034,1747,159,0,159,Yape,Pagado
1035,1035,1748,189,0,189,Tarjeta de débito,Pagado
1036,1036,1749,138,0,138,Yape,Pendiente
1037,1037,1751,99,50,49,Tarjeta de débito,Pagado
1038,1038,1752,103,50,53,Tarjeta de crédito,Pagado
1039,1039,1753,106,0,106,Tarjeta de débito,Pagado
1040,1040,1754,200,10,190,Transferencia,Pagado
1041,1041,1755,166,10,156,Plin,Pendiente
1042,1042,1756,143,10,133,Tarjeta de crédito,Pagado
1043,1043,1759,195,50,145,Tarjeta de crédito,Pendiente
1044,1044,1761,182,0,182,Yape,Pendiente
1045,1045,1763,121,0,121,Tarjeta de crédito,Pagado
1046,1046,1764,81,0,81,Plin,Exonerado
1047,1047,1765,136,20,116,Efectivo,Pagado
1048,1048,1768,80,10,70,Transferencia,Pagado
1049,1049,1770,160,50,110,Plin,Pagado
1050,1050,1773,191,20,171,Efectivo,Pendiente
1051,1051,1775,90,50,40,Yape,Exonerado
1052,1052,1780,84,10,74,Tarjeta de débito,Pendiente
1053,1053,1783,130,50,80,Transferencia,Exonerado
1054,1054,1784,177,10,167,Plin,Pagado
1055,1055,1785,140,0,140,Plin,Pagado
1056,1056,1787,138,0,138,Tarjeta de crédito,Pagado
1057,1057,1788,178,0,178,Tarjeta de débito,Pendiente
1058,1058,1790,134,20,114,Plin,Pagado
1059,1059,1791,180,50,130,Efectivo,Pagado
1060,1060,1792,99,0,99,Tarjeta de crédito,Pendiente
1061,1061,1793,199,20,179,Tarjeta de débito,Pagado
1062,1062,1794,193,0,193,Tarjeta de débito,Exonerado
1063,1063,1796,137,50,87,Plin,Pendiente
1064,1064,1798,142,0,142,Tarjeta de débito,Pagado
1065,1065,1799,140,20,120,Efectivo,Pagado
1066,1066,1800,164,10,154,Tarjeta de crédito,Exonerado
1067,1067,1802,168,0,168,Plin,Exonerado
1068,1068,1804,118,10,108,Transferencia,Pagado
1069,1069,1805,172,10,162,Plin,Pagado
1070,1070,1806,103,50,53,Transferencia,Pagado
1071,1071,1807,113,20,93,Plin,Exonerado
1072,1072,1808,106,50,56,Transferencia,Pagado
1073,1073,1809,93,20,73,Transferencia,Pagado
1074,1074,1810,190,10,180,Tarjeta de débito,Pendiente
1075,1075,1811,169,0,169,Tarjeta de débito,Pagado
1076,1076,1812,154,0,154,Yape,Pagado
1077,1077,1814,88,50,38,Yape,Pagado
1078,1078,1815,130,10,120,Tarjeta de crédito,Pagado
1079,1079,1817,87,50,37,Transferencia,Pagado
1080,1080,1818,129,0,129,Plin,Pagado
1081,1081,1820,181,0,181,Tarjeta de débito,Pagado
1082,1082,1821,129,0,129,Efectivo,Pendiente
1083,1083,1822,145,10,135,Plin,Pagado
1084,1084,1824,191,0,191,Yape,Pagado
1085,1085,1825,91,0,91,Plin,Pagado
1086,1086,1827,177,0,177,Plin,Pendiente
1087,1087,1830,175,50,125,Plin,Pagado
1088,1088,1832,157,10,147,Tarjeta de débito,Pagado
1089,1089,1834,141,50,91,Tarjeta de crédito,Exonerado
1090,1090,1835,120,20,100,Plin,Exonerado
1091,1091,1837,130,10,120,Transferencia,Pendiente
1092,1092,1841,169,0,169,Tarjeta de débito,Pagado
1093,1093,1842,118,20,98,Yape,Exonerado
1094,1094,1844,171,0,171,Transferencia,Pagado
1095,1095,1845,103,50,53,Yape,Exonerado
1096,1096,1846,129,20,109,Yape,Pagado
1097,1097,1849,121,0,121,Plin,Exonerado
1098,1098,1850,103,10,93,Efectivo,Pagado
1099,1099,1852,164,0,164,Yape,Pagado
1100,1100,1854,107,50,57,Efectivo,Pagado
1101,1101,1855,96,10,86,Yape,Exonerado
1102,1102,1857,104,10,94,Tarjeta de débito,Pendiente
1103,1103,1859,82,0,82,Efectivo,Pagado
1104,1104,1862,135,20,115,Yape,Pagado
1105,1105,1863,89,0,89,Transferencia,Pendiente
1106,1106,1865,90,50,40,Tarjeta de crédito,Exonerado
1107,1107,1866,88,20,68,Tarjeta de débito,Pagado
1108,1108,1867,169,50,119,Plin,Pagado
1109,1109,1868,88,50,38,Yape,Pagado
1110,1110,1869,181,10,171,Efectivo,Pendiente
1111,1111,1870,135,50,85,Tarjeta de débito,Pagado
1112,1112,1871,151,20,131,Tarjeta de crédito,Pagado
1113,1113,1872,108,50,58,Tarjeta de débito,Pagado
1114,1114,1874,193,0,193,Plin,Exonerado
1115,1115,1875,121,20,101,Transferencia,Pagado
1116,1116,1876,191,10,181,Tarjeta de crédito,Pagado
1117,1117,1877,180,50,130,Tarjeta de crédito,Pagado
1118,1118,1878,150,50,100,Tarjeta de crédito,Exonerado
1119,1119,1879,198,0,198,Tarjeta de crédito,Pagado
1120,1120,1880,98,20,78,Transferencia,Exonerado
1121,1121,1881,158,10,148,Efectivo,Pagado
1122,1122,1882,172,0,172,Tarjeta de débito,Exonerado
1123,1123,1885,163,10,153,Tarjeta de débito,Pendiente
1124,1124,1889,200,0,200,Transferencia,Exonerado
1125,1125,1893,165,0,165,Plin,Pendiente
1126,1126,1894,114,10,104,Tarjeta de débito,Pagado
1127,1127,1896,121,0,121,Transferencia,Pagado
1128,1128,1898,194,20,174,Tarjeta de crédito,Pagado
1129,1129,1899,177,0,177,Efectivo,Exonerado
1130,1130,1901,125,50,75,Plin,Pagado
1131,1131,1904,147,20,127,Efectivo,Exonerado
1132,1132,1908,141,0,141,Transferencia,Pagado
1133,1133,1909,184,0,184,Efectivo,Pagado
1134,1134,1910,149,0,149,Plin,Pagado
1135,1135,1912,120,20,100,Efectivo,Pagado
1136,1136,1913,80,20,60,Plin,Exonerado
1137,1137,1917,193,50,143,Transferencia,Pendiente
1138,1138,1918,156,10,146,Tarjeta de débito,Pagado
1139,1139,1919,143,10,133,Efectivo,Exonerado
1140,1140,1920,107,10,97,Yape,Exonerado
1141,1141,1922,134,10,124,Tarjeta de crédito,Pendiente
1142,1142,1923,180,50,130,Tarjeta de débito,Pendiente
1143,1143,1924,177,0,177,Tarjeta de crédito,Pagado
1144,1144,1926,109,0,109,Transferencia,Pendiente
1145,1145,1928,115,50,65,Yape,Pendiente
1146,1146,1931,109,0,109,Transferencia,Exonerado
1147,1147,1932,194,0,194,Tarjeta de crédito,Pendiente
1148,1148,1934,197,0,197,Yape,Pagado
1149,1149,1935,158,0,158,Tarjeta de débito,Pagado
1150,1150,1938,103,0,103,Transferencia,Pagado
1151,1151,1939,106,20,86,Plin,Pendiente
1152,1152,1940,111,0,111,Tarjeta de débito,Pagado
1153,1153,1941,121,0,121,Efectivo,Exonerado
1154,1154,1942,117,0,117,Tarjeta de débito,Pagado
1155,1155,1944,112,10,102,Tarjeta de crédito,Pendiente
1156,1156,1945,83,20,63,Transferencia,Exonerado
1157,1157,1948,134,0,134,Yape,Pagado
1158,1158,1949,114,0,114,Yape,Pendiente
1159,1159,1950,137,0,137,Transferencia,Pendiente
1160,1160,1951,82,20,62,Yape,Pagado
1161,1161,1954,154,0,154,Yape,Exonerado
1162,1162,1956,91,10,81,Tarjeta de débito,Pendiente
1163,1163,1958,172,0,172,Transferencia,Pendiente
1164,1164,1959,126,0,126,Yape,Pendiente
1165,1165,1960,162,20,142,Yape,Pagado
1166,1166,1961,147,10,137,Tarjeta de débito,Exonerado
1167,1167,1962,175,20,155,Plin,Pagado
1168,1168,1971,195,50,145,Tarjeta de débito,Pendiente
1169,1169,1972,94,0,94,Efectivo,Exonerado
1170,1170,1974,148,0,148,Tarjeta de débito,Pagado
1171,1171,1975,181,50,131,Yape,Pendiente
1172,1172,1976,88,10,78,Tarjeta de crédito,Exonerado
1173,1173,1977,120,0,120,Tarjeta de débito,Pendiente
1174,1174,1980,112,10,102,Transferencia,Pendiente
1175,1175,1981,115,0,115,Transferencia,Pagado
1176,1176,1982,90,0,90,Tarjeta de crédito,Exonerado
1177,1177,1983,115,20,95,Transferencia,Pendiente
1178,1178,1985,127,10,117,Efectivo,Exonerado
1179,1179,1986,90,20,70,Yape,Exonerado
1180,1180,1988,140,0,140,Tarjeta de débito,Pendiente
1181,1181,1991,155,50,105,Yape,Pagado
1182,1182,1992,96,50,46,Tarjeta de crédito,Exonerado
1183,1183,1994,85,50,35,Efectivo,Pagado
1184,1184,1997,121,20,101,Efectivo,Pagado
1185,1185,2000,116,0,116,Plin,Pagado
1186,1186,2001,136,0,136,Transferencia,Pagado
1187,1187,2002,150,0,150,Tarjeta de débito,Pagado
1188,1188,2003,121,50,71,Yape,Pagado
1189,1189,2006,153,0,153,Tarjeta de débito,Pagado
1190,1190,2007,198,0,198,Tarjeta de débito,Pendiente
1191,1191,2008,96,50,46,Plin,Pendiente
1192,1192,2009,93,0,93,Tarjeta de crédito,Exonerado
1193,1193,2010,109,0,109,Efectivo,Pendiente
1194,1194,2011,123,0,123,Tarjeta de crédito,Pagado
1195,1195,2012,192,0,192,Plin,Pagado
1196,1196,2013,158,10,148,Tarjeta de débito,Exonerado
1197,1197,2014,165,20,145,Efectivo,Exonerado
1198,1198,2015,130,0,130,Yape,Pagado
1199,1199,2016,173,50,123,Efectivo,Exonerado
1200,1200,2017,131,0,131,Yape,Pendiente
1201,1201,2018,151,10,141,Plin,Pagado
1202,1202,2020,161,10,151,Yape,Exonerado
1203,1203,2021,98,50,48,Transferencia,Pagado
1204,1204,2023,139,10,129,Tarjeta de crédito,Pagado
1205,1205,2024,155,10,145,Transferencia,Pagado
1206,1206,2025,154,50,104,Yape,Pagado
1207,1207,2030,191,10,181,Transferencia,Pendiente
1208,1208,2031,83,20,63,Transferencia,Exonerado
1209,1209,2033,143,20,123,Tarjeta de débito,Pagado
1210,1210,2034,81,0,81,Plin,Pagado
1211,1211,2035,115,0,115,Plin,Pagado
1212,1212,2036,136,50,86,Tarjeta de crédito,Exonerado
1213,1213,2037,131,0,131,Yape,Pagado
1214,1214,2038,167,0,167,Efectivo,Pendiente
1215,1215,2040,158,0,158,Plin,Pagado
1216,1216,2041,168,0,168,Transferencia,Pagado
1217,1217,2044,98,10,88,Yape,Pagado
1218,1218,2045,124,0,124,Transferencia,Pagado
1219,1219,2046,82,0,82,Yape,Pagado
1220,1220,2048,165,0,165,Plin,Pagado
1221,1221,2049,134,10,124,Efectivo,Pagado
1222,1222,2052,138,10,128,Tarjeta de débito,Pagado
1223,1223,2053,154,20,134,Plin,Pendiente
1224,1224,2054,101,0,101,Plin,Pagado
1225,1225,2056,150,0,150,Plin,Exonerado
1226,1226,2058,180,20,160,Transferencia,Pagado
1227,1227,2060,144,50,94,Yape,Pagado
1228,1228,2061,80,10,70,Tarjeta de débito,Pagado
1229,1229,2062,177,0,177,Plin,Exonerado
1230,1230,2064,183,0,183,Tarjeta de débito,Pagado
1231,1231,2065,174,10,164,Tarjeta de débito,Exonerado
1232,1232,2067,160,10,150,Tarjeta de crédito,Pendiente
1233,1233,2069,146,0,146,Yape,Pagado
1234,1234,2070,84,10,74,Plin,Pagado
1235,1235,2071,124,0,124,Tarjeta de crédito,Pagado
1236,1236,2072,132,20,112,Transferencia,Pendiente
1237,1237,2075,103,0,103,Tarjeta de crédito,Exonerado
1238,1238,2076,93,0,93,Transferencia,Exonerado
1239,1239,2078,111,20,91,Transferencia,Pagado
1240,1240,2082,185,0,185,Transferencia,Exonerado
1241,1241,2084,199,0,199,Tarjeta de crédito,Pendiente
1242,1242,2085,152,20,132,Tarjeta de crédito,Pagado
1243,1243,2086,116,50,66,Yape,Pagado
1244,1244,2088,119,0,119,Tarjeta de crédito,Pendiente
1245,1245,2089,93,10,83,Tarjeta de crédito,Pagado
1246,1246,2091,191,10,181,Plin,Pagado
1247,1247,2093,152,0,152,Yape,Pagado
1248,1248,2095,147,0,147,Efectivo,Pendiente
1249,1249,2096,151,0,151,Plin,Exonerado
1250,1250,2097,106,10,96,Yape,Pagado
1251,1251,2100,134,10,124,Tarjeta de crédito,Pagado
1252,1252,2101,148,10,138,Transferencia,Pagado
1253,1253,2103,165,10,155,Efectivo,Pendiente
1254,1254,2104,140,10,130,Tarjeta de débito,Pagado
1255,1255,2106,152,0,152,Transferencia,Pagado
1256,1256,2107,174,0,174,Tarjeta de débito,Pagado
1257,1257,2108,183,0,183,Tarjeta de débito,Pendiente
1258,1258,2111,141,50,91,Tarjeta de crédito,Pagado
1259,1259,2112,81,0,81,Efectivo,Pagado
1260,1260,2113,122,50,72,Plin,Exonerado
1261,1261,2116,163,20,143,Plin,Exonerado
1262,1262,2117,150,0,150,Efectivo,Exonerado
1263,1263,2118,196,0,196,Tarjeta de débito,Exonerado
1264,1264,2119,137,0,137,Tarjeta de crédito,Pagado
1265,1265,2120,142,20,122,Tarjeta de débito,Pagado
1266,1266,2121,180,10,170,Plin,Pagado
1267,1267,2122,85,20,65,Efectivo,Pagado
1268,1268,2124,116,0,116,Efectivo,Pagado
1269,1269,2125,90,0,90,Efectivo,Pendiente
1270,1270,2127,174,0,174,Yape,Pagado
1271,1271,2128,94,10,84,Transferencia,Pagado
1272,1272,2129,146,50,96,Efectivo,Pendiente
1273,1273,2133,178,50,128,Efectivo,Pagado
1274,1274,2134,123,50,73,Tarjeta de débito,Pendiente
1275,1275,2137,135,0,135,Tarjeta de crédito,Pagado
1276,1276,2138,82,50,32,Tarjeta de débito,Pendiente
1277,1277,2139,164,50,114,Tarjeta de débito,Pagado
1278,1278,2140,85,0,85,Tarjeta de débito,Pagado
1279,1279,2141,150,0,150,Efectivo,Exonerado
1280,1280,2142,155,0,155,Tarjeta de crédito,Pendiente
1281,1281,2146,82,10,72,Yape,Exonerado
1282,1282,2147,167,0,167,Plin,Pendiente
1283,1283,2148,119,20,99,Tarjeta de débito,Exonerado
1284,1284,2149,110,0,110,Transferencia,Pagado
1285,1285,2151,174,50,124,Plin,Exonerado
1286,1286,2153,85,50,35,Tarjeta de crédito,Pendiente
1287,1287,2154,107,20,87,Tarjeta de crédito,Pendiente
1288,1288,2155,117,10,107,Tarjeta de crédito,Pagado
1289,1289,2156,118,0,118,Tarjeta de débito,Exonerado
1290,1290,2157,197,50,147,Efectivo,Pendiente
1291,1291,2158,84,20,64,Plin,Pagado
1292,1292,2159,110,0,110,Efectivo,Pagado
1293,1293,2161,191,50,141,Plin,Pagado
1294,1294,2163,113,0,113,Plin,Exonerado
1295,1295,2164,160,50,110,Transferencia,Pendiente
1296,1296,2173,169,0,169,Plin,Exonerado
1297,1297,2174,84,0,84,Plin,Pagado
1298,1298,2175,113,0,113,Tarjeta de crédito,Exonerado
1299,1299,2177,196,50,146,Yape,Pagado
1300,1300,2179,114,50,64,Plin,Exonerado
1301,1301,2180,191,20,171,Plin,Pendiente
1302,1302,2181,143,50,93,Tarjeta de crédito,Pagado
1303,1303,2183,93,0,93,Efectivo,Exonerado
1304,1304,2185,128,0,128,Plin,Pendiente
1305,1305,2186,86,20,66,Yape,Exonerado
1306,1306,2187,200,10,190,Tarjeta de crédito,Pagado
1307,1307,2188,143,0,143,Yape,Exonerado
1308,1308,2190,94,10,84,Transferencia,Exonerado
1309,1309,2191,196,20,176,Efectivo,Pagado
1310,1310,2192,194,0,194,Tarjeta de crédito,Exonerado
1311,1311,2196,117,10,107,Yape,Pagado
1312,1312,2200,166,0,166,Yape,Pagado
1313,1313,2201,126,0,126,Efectivo,Pendiente
1314,1314,2206,112,0,112,Tarjeta de débito,Pendiente
1315,1315,2207,129,0,129,Tarjeta de débito,Pendiente
1316,1316,2211,109,0,109,Tarjeta de crédito,Pagado
1317,1317,2213,108,10,98,Efectivo,Pagado
1318,1318,2215,136,10,126,Yape,Exonerado
1319,1319,2216,137,10,127,Tarjeta de crédito,Pagado
1320,1320,2217,180,20,160,Tarjeta de débito,Pendiente
1321,1321,2218,181,50,131,Plin,Exonerado
1322,1322,2219,200,0,200,Transferencia,Pagado
1323,1323,2221,126,0,126,Yape,Pagado
1324,1324,2223,160,20,140,Plin,Exonerado
1325,1325,2226,158,10,148,Efectivo,Pendiente
1326,1326,2229,195,0,195,Plin,Pagado
1327,1327,2230,91,0,91,Transferencia,Pagado
1328,1328,2231,199,10,189,Efectivo,Pagado
1329,1329,2232,102,10,92,Efectivo,Pagado
1330,1330,2233,186,0,186,Transferencia,Pagado
1331,1331,2234,194,10,184,Tarjeta de débito,Pagado
1332,1332,2236,188,0,188,Tarjeta de débito,Pagado
1333,1333,2237,127,0,127,Transferencia,Pagado
1334,1334,2238,116,0,116,Plin,Exonerado
1335,1335,2241,174,50,124,Tarjeta de crédito,Exonerado
1336,1336,2243,195,10,185,Plin,Exonerado
1337,1337,2244,116,50,66,Tarjeta de débito,Pagado
1338,1338,2245,91,50,41,Plin,Exonerado
1339,1339,2247,182,0,182,Tarjeta de crédito,Pendiente
1340,1340,2253,151,0,151,Tarjeta de débito,Exonerado
1341,1341,2257,144,10,134,Transferencia,Pagado
1342,1342,2258,82,20,62,Tarjeta de crédito,Exonerado
1343,1343,2259,183,0,183,Transferencia,Pagado
1344,1344,2260,156,10,146,Tarjeta de débito,Pagado
1345,1345,2261,119,0,119,Transferencia,Pendiente
1346,1346,2262,80,50,30,Transferencia,Pagado
1347,1347,2263,164,50,114,Efectivo,Pagado
1348,1348,2265,135,0,135,Tarjeta de débito,Pagado
1349,1349,2268,181,0,181,Transferencia,Pagado
1350,1350,2272,104,0,104,Tarjeta de crédito,Pagado
1351,1351,2273,99,0,99,Tarjeta de débito,Pagado
1352,1352,2275,129,0,129,Yape,Pagado
1353,1353,2278,98,10,88,Plin,Pagado
1354,1354,2279,186,0,186,Tarjeta de crédito,Exonerado
1355,1355,2281,112,0,112,Plin,Pagado
1356,1356,2282,124,0,124,Efectivo,Exonerado
1357,1357,2285,165,0,165,Tarjeta de débito,Pagado
1358,1358,2286,191,50,141,Tarjeta de débito,Pagado
1359,1359,2289,190,10,180,Tarjeta de débito,Pagado
1360,1360,2290,127,10,117,Yape,Exonerado
1361,1361,2291,161,0,161,Yape,Pagado
1362,1362,2293,162,20,142,Tarjeta de crédito,Pagado
1363,1363,2294,136,0,136,Transferencia,Pagado
1364,1364,2295,99,10,89,Tarjeta de crédito,Pagado
1365,1365,2296,119,0,119,Plin,Pagado
1366,1366,2297,164,20,144,Tarjeta de crédito,Pendiente
1367,1367,2299,147,0,147,Plin,Pagado
1368,1368,2301,99,10,89,Transferencia,Pagado
1369,1369,2302,137,0,137,Tarjeta de crédito,Pagado
1370,1370,2303,192,10,182,Tarjeta de crédito,Pendiente
1371,1371,2308,137,50,87,Transferencia,Pendiente
1372,1372,2309,117,10,107,Yape,Pagado
1373,1373,2310,196,20,176,Yape,Pagado
1374,1374,2313,154,50,104,Tarjeta de débito,Pendiente
1375,1375,2314,148,10,138,Plin,Pendiente
1376,1376,2315,176,0,176,Yape,Pagado
1377,1377,2316,153,0,153,Tarjeta de débito,Exonerado
1378,1378,2318,158,0,158,Efectivo,Pagado
1379,1379,2319,133,10,123,Tarjeta de débito,Pendiente
1380,1380,2320,100,50,50,Transferencia,Pendiente
1381,1381,2321,144,0,144,Plin,Exonerado
1382,1382,2324,192,0,192,Plin,Pagado
1383,1383,2325,109,10,99,Plin,Pendiente
1384,1384,2326,194,10,184,Plin,Exonerado
1385,1385,2331,106,0,106,Efectivo,Pagado
1386,1386,2332,89,10,79,Efectivo,Pagado
1387,1387,2333,191,0,191,Transferencia,Pendiente
1388,1388,2334,156,0,156,Tarjeta de débito,Pagado
1389,1389,2336,118,0,118,Tarjeta de crédito,Exonerado
1390,1390,2337,167,20,147,Tarjeta de crédito,Pagado
1391,1391,2341,105,0,105,Plin,Pagado
1392,1392,2342,181,50,131,Plin,Pagado
1393,1393,2343,145,0,145,Efectivo,Pendiente
1394,1394,2344,131,0,131,Yape,Pagado
1395,1395,2346,100,0,100,Transferencia,Pagado
1396,1396,2351,148,0,148,Efectivo,Exonerado
1397,1397,2353,108,20,88,Yape,Exonerado
1398,1398,2354,162,0,162,Tarjeta de crédito,Pagado
1399,1399,2355,94,0,94,Tarjeta de débito,Pagado
1400,1400,2356,152,10,142,Yape,Pagado
1401,1401,2357,126,10,116,Tarjeta de crédito,Pagado
1402,1402,2358,183,0,183,Tarjeta de débito,Exonerado
1403,1403,2359,182,0,182,Efectivo,Pendiente
1404,1404,2360,179,10,169,Efectivo,Exonerado
1405,1405,2361,133,0,133,Tarjeta de crédito,Pendiente
1406,1406,2363,125,0,125,Tarjeta de débito,Pendiente
1407,1407,2364,84,0,84,Transferencia,Pagado
1408,1408,2365,183,0,183,Tarjeta de débito,Pendiente
1409,1409,2366,150,50,100,Yape,Pagado
1410,1410,2369,98,0,98,Efectivo,Exonerado
1411,1411,2370,169,0,169,Transferencia,Pagado
1412,1412,2373,200,0,200,Tarjeta de débito,Pagado
1413,1413,2375,133,0,133,Efectivo,Pagado
1414,1414,2376,147,0,147,Efectivo,Pagado
1415,1415,2377,121,10,111,Yape,Exonerado
1416,1416,2378,143,50,93,Efectivo,Pendiente
1417,1417,2379,97,50,47,Yape,Exonerado
1418,1418,2380,88,0,88,Yape,Exonerado
1419,1419,2381,141,50,91,Tarjeta de débito,Pagado
1420,1420,2382,191,10,181,Yape,Pendiente
1421,1421,2383,133,0,133,Efectivo,Exonerado
1422,1422,2384,107,10,97,Yape,Pagado
1423,1423,2385,177,10,167,Yape,Pagado
1424,1424,2386,94,0,94,Efectivo,Pendiente
1425,1425,2387,108,10,98,Tarjeta de crédito,Pagado
1426,1426,2388,147,50,97,Transferencia,Pagado
1427,1427,2391,198,0,198,Tarjeta de crédito,Exonerado
1428,1428,2392,82,0,82,Yape,Pagado
1429,1429,2394,157,0,157,Efectivo,Pagado
1430,1430,2395,123,50,73,Plin,Pendiente
1431,1431,2396,102,10,92,Efectivo,Pendiente
1432,1432,2397,80,50,30,Tarjeta de crédito,Pagado
1433,1433,2398,143,0,143,Yape,Pagado
1434,1434,2401,194,50,144,Transferencia,Exonerado
1435,1435,2402,146,50,96,Yape,Exonerado
1436,1436,2403,158,0,158,Efectivo,Pagado
1437,1437,2404,101,10,91,Tarjeta de crédito,Exonerado
1438,1438,2406,95,0,95,Tarjeta de crédito,Pagado
1439,1439,2407,156,0,156,Tarjeta de crédito,Pagado
1440,1440,2409,153,10,143,Plin,Pagado
1441,1441,2410,178,0,178,Tarjeta de débito,Pagado
1442,1442,2412,94,0,94,Yape,Pagado
1443,1443,2413,150,50,100,Tarjeta de débito,Pendiente
1444,1444,2414,178,0,178,Tarjeta de débito,Pagado
1445,1445,2415,162,0,162,Yape,Exonerado
1446,1446,2416,131,0,131,Tarjeta de débito,Exonerado
1447,1447,2417,114,10,104,Yape,Pagado
1448,1448,2419,87,10,77,Plin,Exonerado
1449,1449,2421,102,50,52,Tarjeta de débito,Pendiente
1450,1450,2422,107,10,97,Transferencia,Exonerado
1451,1451,2426,186,20,166,Tarjeta de crédito,Pendiente
1452,1452,2427,187,0,187,Tarjeta de débito,Pagado
1453,1453,2429,162,0,162,Tarjeta de débito,Pagado
1454,1454,2431,149,0,149,Yape,Pendiente
1455,1455,2437,126,0,126,Efectivo,Pendiente
1456,1456,2438,175,10,165,Efectivo,Exonerado
1457,1457,2439,154,0,154,Plin,Pagado
1458,1458,2440,94,10,84,Tarjeta de crédito,Pagado
1459,1459,2442,160,0,160,Tarjeta de crédito,Pagado
1460,1460,2444,155,50,105,Yape,Pagado
1461,1461,2446,116,0,116,Tarjeta de crédito,Pagado
1462,1462,2447,94,0,94,Plin,Pendiente
1463,1463,2448,154,10,144,Tarjeta de débito,Pagado
1464,1464,2449,94,0,94,Efectivo,Pagado
1465,1465,2451,131,0,131,Efectivo,Exonerado
1466,1466,2453,166,0,166,Tarjeta de crédito,Pagado
1467,1467,2455,103,0,103,Transferencia,Pagado
1468,1468,2456,102,10,92,Efectivo,Exonerado
1469,1469,2457,106,0,106,Transferencia,Pagado
1470,1470,2459,96,10,86,Transferencia,Pagado
1471,1471,2462,109,0,109,Transferencia,Pagado
1472,1472,2463,117,0,117,Yape,Pagado
1473,1473,2464,104,0,104,Efectivo,Pagado
1474,1474,2465,140,0,140,Plin,Pendiente
1475,1475,2466,95,20,75,Yape,Pagado
1476,1476,2467,120,10,110,Plin,Pagado
1477,1477,2468,85,0,85,Efectivo,Exonerado
1478,1478,2469,165,50,115,Yape,Pagado
1479,1479,2470,83,20,63,Efectivo,Exonerado
1480,1480,2476,194,50,144,Efectivo,Pagado
1481,1481,2478,187,0,187,Transferencia,Pendiente
1482,1482,2480,182,0,182,Plin,Pagado
1483,1483,2481,100,10,90,Tarjeta de crédito,Pagado
1484,1484,2485,156,0,156,Efectivo,Pendiente
1485,1485,2486,182,10,172,Tarjeta de crédito,Pagado
1486,1486,2489,103,0,103,Efectivo,Pagado
1487,1487,2490,163,0,163,Tarjeta de crédito,Pagado
1488,1488,2491,183,20,163,Transferencia,Pendiente
1489,1489,2492,92,0,92,Transferencia,Pendiente
1490,1490,2495,121,50,71,Transferencia,Pagado
1491,1491,2496,101,0,101,Yape,Pagado
1492,1492,2500,104,0,104,Transferencia,Pendiente
1493,1493,2503,136,0,136,Efectivo,Pagado
1494,1494,2504,154,0,154,Tarjeta de débito,Pendiente
1495,1495,2506,90,10,80,Tarjeta de débito,Pagado
1496,1496,2508,99,0,99,Plin,Pendiente
1497,1497,2509,190,50,140,Yape,Exonerado
1498,1498,2510,188,10,178,Plin,Pagado
1499,1499,2511,100,10,90,Efectivo,Pagado
1500,1500,2514,147,10,137,Yape,Exonerado
1501,1501,2516,170,20,150,Yape,Pagado
1502,1502,2517,131,50,81,Yape,Pagado
1503,1503,2519,92,10,82,Efectivo,Pagado
1504,1504,2520,190,0,190,Efectivo,Pagado
1505,1505,2523,113,0,113,Plin,Pagado
1506,1506,2526,94,0,94,Tarjeta de débito,Exonerado
1507,1507,2527,119,0,119,Tarjeta de débito,Pendiente
1508,1508,2528,136,0,136,Efectivo,Pagado
1509,1509,2529,136,0,136,Plin,Pendiente
1510,1510,2531,194,50,144,Tarjeta de débito,Pagado
1511,1511,2532,153,0,153,Plin,Pendiente
1512,1512,2533,131,20,111,Tarjeta de débito,Pagado
1513,1513,2534,195,0,195,Plin,Pagado
1514,1514,2535,149,0,149,Transferencia,Pagado
1515,1515,2539,104,0,104,Efectivo,Pagado
1516,1516,2540,163,0,163,Transferencia,Pendiente
1517,1517,2541,193,0,193,Transferencia,Pagado
1518,1518,2542,129,0,129,Tarjeta de crédito,Pagado
1519,1519,2545,94,0,94,Plin,Pagado
1520,1520,2546,137,0,137,Yape,Pagado
1521,1521,2547,189,0,189,Plin,Exonerado
1522,1522,2548,160,50,110,Efectivo,Pendiente
1523,1523,2551,100,0,100,Tarjeta de crédito,Pagado
1524,1524,2553,140,20,120,Transferencia,Pagado
1525,1525,2554,187,10,177,Tarjeta de débito,Pagado
1526,1526,2555,83,0,83,Yape,Pagado
1527,1527,2556,165,50,115,Plin,Pagado
1528,1528,2557,117,0,117,Transferencia,Pagado
1529,1529,2558,170,10,160,Yape,Pagado
1530,1530,2559,189,0,189,Efectivo,Pagado
1531,1531,2561,133,0,133,Tarjeta de crédito,Pagado
1532,1532,2562,177,50,127,Tarjeta de crédito,Pagado
1533,1533,2563,164,50,114,Efectivo,Pagado
1534,1534,2564,112,10,102,Tarjeta de débito,Pagado
1535,1535,2565,164,10,154,Transferencia,Pagado
1536,1536,2566,115,20,95,Tarjeta de crédito,Pagado
1537,1537,2567,109,0,109,Plin,Pendiente
1538,1538,2568,194,0,194,Tarjeta de crédito,Pagado
1539,1539,2569,181,0,181,Transferencia,Exonerado
1540,1540,2572,113,10,103,Efectivo,Pagado
1541,1541,2573,146,20,126,Tarjeta de débito,Pagado
1542,1542,2576,160,50,110,Tarjeta de débito,Exonerado
1543,1543,2580,99,0,99,Tarjeta de débito,Pendiente
1544,1544,2581,130,0,130,Tarjeta de crédito,Pagado
1545,1545,2583,188,10,178,Tarjeta de débito,Pendiente
1546,1546,2585,112,0,112,Tarjeta de crédito,Pagado
1547,1547,2586,92,10,82,Tarjeta de débito,Exonerado
1548,1548,2587,181,0,181,Efectivo,Pendiente
1549,1549,2588,84,0,84,Plin,Pagado
1550,1550,2590,93,0,93,Plin,Pagado
1551,1551,2592,140,50,90,Efectivo,Pagado
1552,1552,2593,162,50,112,Tarjeta de débito,Pendiente
1553,1553,2594,175,0,175,Plin,Pagado
1554,1554,2595,176,50,126,Efectivo,Pendiente
1555,1555,2598,149,20,129,Plin,Pagado
1556,1556,2599,161,10,151,Yape,Pendiente
1557,1557,2600,153,50,103,Plin,Pagado
1558,1558,2602,137,50,87,Transferencia,Pagado
1559,1559,2603,94,20,74,Yape,Pagado
1560,1560,2604,81,0,81,Efectivo,Pagado
1561,1561,2605,161,0,161,Plin,Pagado
1562,1562,2606,142,0,142,Transferencia,Pagado
1563,1563,2607,110,0,110,Plin,Pagado
1564,1564,2612,127,50,77,Plin,Exonerado
1565,1565,2613,140,0,140,Transferencia,Exonerado
1566,1566,2616,141,0,141,Efectivo,Pendiente
1567,1567,2617,144,0,144,Tarjeta de crédito,Pagado
1568,1568,2618,187,0,187,Efectivo,Pendiente
1569,1569,2619,182,0,182,Efectivo,Pagado
1570,1570,2620,80,20,60,Tarjeta de crédito,Pendiente
1571,1571,2623,82,0,82,Plin,Pagado
1572,1572,2626,146,0,146,Yape,Pendiente
1573,1573,2627,151,20,131,Plin,Pendiente
1574,1574,2628,114,50,64,Efectivo,Exonerado
1575,1575,2629,125,0,125,Yape,Pagado
1576,1576,2630,121,50,71,Plin,Pagado
1577,1577,2631,84,20,64,Tarjeta de débito,Pendiente
1578,1578,2632,197,20,177,Tarjeta de crédito,Exonerado
1579,1579,2634,88,20,68,Tarjeta de débito,Pendiente
1580,1580,2635,173,0,173,Transferencia,Pendiente
1581,1581,2636,144,0,144,Transferencia,Pagado
1582,1582,2638,174,20,154,Yape,Pagado
1583,1583,2639,116,0,116,Transferencia,Pagado
1584,1584,2640,91,20,71,Tarjeta de débito,Pagado
1585,1585,2641,84,50,34,Plin,Pendiente
1586,1586,2642,102,50,52,Transferencia,Exonerado
1587,1587,2643,162,20,142,Efectivo,Exonerado
1588,1588,2644,148,50,98,Plin,Pagado
1589,1589,2646,130,20,110,Tarjeta de crédito,Pagado
1590,1590,2649,177,0,177,Tarjeta de crédito,Pagado
1591,1591,2650,138,20,118,Tarjeta de débito,Exonerado
1592,1592,2651,97,20,77,Tarjeta de crédito,Pagado
1593,1593,2653,106,0,106,Efectivo,Pagado
1594,1594,2656,122,10,112,Transferencia,Pendiente
1595,1595,2658,97,0,97,Efectivo,Pagado
1596,1596,2660,146,0,146,Transferencia,Pagado
1597,1597,2662,134,0,134,Plin,Pendiente
1598,1598,2663,169,0,169,Tarjeta de débito,Pagado
1599,1599,2667,104,0,104,Tarjeta de crédito,Pendiente
1600,1600,2668,163,50,113,Transferencia,Pagado
1601,1601,2669,98,0,98,Tarjeta de débito,Pendiente
1602,1602,2672,109,50,59,Transferencia,Pagado
1603,1603,2674,103,0,103,Plin,Pagado
1604,1604,2675,172,0,172,Efectivo,Exonerado
1605,1605,2676,112,0,112,Efectivo,Pendiente
1606,1606,2677,156,0,156,Transferencia,Pagado
1607,1607,2678,94,0,94,Plin,Exonerado
1608,1608,2680,138,0,138,Yape,Exonerado
1609,1609,2682,116,0,116,Tarjeta de débito,Pagado
1610,1610,2683,190,50,140,Tarjeta de débito,Exonerado
1611,1611,2684,97,50,47,Tarjeta de débito,Pagado
1612,1612,2686,191,50,141,Efectivo,Exonerado
1613,1613,2687,126,0,126,Plin,Exonerado
1614,1614,2688,142,10,132,Yape,Exonerado
1615,1615,2689,108,10,98,Tarjeta de débito,Pagado
1616,1616,2690,142,0,142,Transferencia,Exonerado
1617,1617,2692,124,10,114,Tarjeta de crédito,Pagado
1618,1618,2693,146,50,96,Plin,Pagado
1619,1619,2694,134,50,84,Efectivo,Pagado
1620,1620,2695,154,0,154,Efectivo,Pagado
1621,1621,2696,121,0,121,Efectivo,Pagado
1622,1622,2698,110,50,60,Tarjeta de crédito,Pagado
1623,1623,2702,93,0,93,Transferencia,Pagado
1624,1624,2706,104,0,104,Plin,Pagado
1625,1625,2707,102,0,102,Transferencia,Exonerado
1626,1626,2708,115,20,95,Tarjeta de débito,Pagado
1627,1627,2711,101,0,101,Tarjeta de crédito,Pagado
1628,1628,2712,103,0,103,Tarjeta de crédito,Pagado
1629,1629,2714,151,10,141,Tarjeta de crédito,Exonerado
1630,1630,2717,176,0,176,Plin,Pendiente
1631,1631,2719,87,50,37,Yape,Pagado
1632,1632,2720,106,20,86,Efectivo,Pagado
1633,1633,2722,141,0,141,Yape,Pagado
1634,1634,2723,151,10,141,Yape,Pagado
1635,1635,2727,141,20,121,Tarjeta de crédito,Pagado
1636,1636,2730,108,0,108,Transferencia,Exonerado
1637,1637,2731,103,0,103,Transferencia,Pagado
1638,1638,2732,146,0,146,Yape,Exonerado
1639,1639,2733,106,10,96,Efectivo,Pagado
1640,1640,2734,93,20,73,Tarjeta de crédito,Pagado
1641,1641,2737,198,10,188,Yape,Pagado
1642,1642,2741,114,50,64,Yape,Exonerado
1643,1643,2742,151,0,151,Yape,Pagado
1644,1644,2743,105,10,95,Plin,Pagado
1645,1645,2746,163,10,153,Plin,Pagado
1646,1646,2747,149,0,149,Efectivo,Pagado
1647,1647,2752,181,0,181,Transferencia,Pagado
1648,1648,2753,165,0,165,Yape,Pagado
1649,1649,2756,130,0,130,Tarjeta de débito,Pagado
1650,1650,2757,120,0,120,Efectivo,Pendiente
1651,1651,2759,189,10,179,Efectivo,Pagado
1652,1652,2760,121,0,121,Tarjeta de débito,Pagado
1653,1653,2761,163,20,143,Yape,Pagado
1654,1654,2763,189,0,189,Tarjeta de débito,Exonerado
1655,1655,2764,172,0,172,Plin,Pagado
1656,1656,2765,179,20,159,Efectivo,Exonerado
1657,1657,2766,183,0,183,Yape,Pagado
1658,1658,2769,146,0,146,Efectivo,Pagado
1659,1659,2770,173,20,153,Tarjeta de débito,Pendiente
1660,1660,2771,141,20,121,Yape,Pagado
1661,1661,2772,123,20,103,Transferencia,Pagado
1662,1662,2773,108,10,98,Efectivo,Pagado
1663,1663,2774,134,0,134,Efectivo,Pagado
1664,1664,2777,193,0,193,Tarjeta de crédito,Pagado
1665,1665,2778,137,0,137,Transferencia,Pendiente
1666,1666,2780,133,50,83,Transferencia,Pagado
1667,1667,2781,162,50,112,Plin,Pendiente
1668,1668,2786,107,0,107,Efectivo,Pagado
1669,1669,2788,153,0,153,Plin,Pendiente
1670,1670,2789,169,0,169,Efectivo,Exonerado
1671,1671,2791,122,0,122,Plin,Pagado
1672,1672,2793,83,20,63,Tarjeta de crédito,Pendiente
1673,1673,2795,106,50,56,Efectivo,Pagado
1674,1674,2796,112,50,62,Efectivo,Pagado
1675,1675,2797,142,10,132,Yape,Pagado
1676,1676,2799,139,0,139,Tarjeta de crédito,Pendiente
1677,1677,2802,153,50,103,Plin,Pagado
1678,1678,2804,83,10,73,Efectivo,Exonerado
1679,1679,2805,154,0,154,Efectivo,Pagado
1680,1680,2806,116,0,116,Yape,Pagado
1681,1681,2808,85,10,75,Tarjeta de crédito,Pagado
1682,1682,2810,130,0,130,Tarjeta de débito,Pendiente
1683,1683,2812,168,0,168,Tarjeta de crédito,Pagado
1684,1684,2813,135,20,115,Tarjeta de débito,Pendiente
1685,1685,2814,111,0,111,Tarjeta de débito,Pagado
1686,1686,2815,87,10,77,Tarjeta de débito,Pagado
1687,1687,2816,153,50,103,Yape,Pagado
1688,1688,2817,122,50,72,Tarjeta de crédito,Pendiente
1689,1689,2818,183,10,173,Yape,Pagado
1690,1690,2819,96,0,96,Transferencia,Pagado
1691,1691,2821,196,50,146,Plin,Pagado
1692,1692,2822,159,0,159,Transferencia,Exonerado
1693,1693,2823,184,50,134,Yape,Pagado
1694,1694,2824,188,0,188,Tarjeta de débito,Pagado
1695,1695,2825,81,20,61,Efectivo,Exonerado
1696,1696,2827,157,10,147,Yape,Pagado
1697,1697,2829,115,0,115,Transferencia,Pagado
1698,1698,2830,170,10,160,Plin,Exonerado
1699,1699,2831,179,0,179,Plin,Pendiente
1700,1700,2832,113,0,113,Tarjeta de crédito,Pagado
1701,1701,2834,120,0,120,Efectivo,Pagado
1702,1702,2835,195,0,195,Tarjeta de débito,Pagado
1703,1703,2837,133,10,123,Tarjeta de débito,Pagado
1704,1704,2838,152,0,152,Efectivo,Pagado
1705,1705,2839,173,10,163,Plin,Pendiente
1706,1706,2840,182,0,182,Yape,Exonerado
1707,1707,2841,166,0,166,Efectivo,Pagado
1708,1708,2843,89,0,89,Tarjeta de débito,Pagado
1709,1709,2846,118,0,118,Tarjeta de débito,Exonerado
1710,1710,2847,86,10,76,Plin,Pendiente
1711,1711,2850,82,20,62,Efectivo,Pagado
1712,1712,2851,180,0,180,Transferencia,Pagado
1713,1713,2852,119,20,99,Tarjeta de débito,Pagado
1714,1714,2853,86,0,86,Efectivo,Pagado
1715,1715,2856,84,0,84,Tarjeta de débito,Pendiente
1716,1716,2858,112,0,112,Tarjeta de débito,Exonerado
1717,1717,2862,139,10,129,Yape,Pagado
1718,1718,2866,117,50,67,Yape,Pendiente
1719,1719,2867,124,0,124,Tarjeta de débito,Pendiente
1720,1720,2868,82,0,82,Yape,Exonerado
1721,1721,2869,157,0,157,Tarjeta de débito,Pendiente
1722,1722,2870,134,0,134,Tarjeta de débito,Pendiente
1723,1723,2872,134,0,134,Efectivo,Pagado
1724,1724,2875,147,0,147,Plin,Pendiente
1725,1725,2876,157,0,157,Plin,Pagado
1726,1726,2877,91,20,71,Efectivo,Pagado
1727,1727,2878,165,0,165,Transferencia,Pagado
1728,1728,2880,102,50,52,Plin,Pagado
1729,1729,2881,87,20,67,Plin,Pagado
1730,1730,2882,127,20,107,Tarjeta de débito,Exonerado
1731,1731,2883,82,0,82,Tarjeta de crédito,Pagado
1732,1732,2887,123,0,123,Transferencia,Pagado
1733,1733,2888,179,10,169,Tarjeta de débito,Pagado
1734,1734,2891,160,10,150,Plin,Pagado
1735,1735,2893,141,10,131,Plin,Pendiente
1736,1736,2894,192,0,192,Efectivo,Pagado
1737,1737,2895,168,0,168,Tarjeta de crédito,Pagado
1738,1738,2897,95,20,75,Transferencia,Pendiente
1739,1739,2898,140,0,140,Tarjeta de crédito,Pagado
1740,1740,2899,119,10,109,Efectivo,Pendiente
1741,1741,2900,145,0,145,Tarjeta de débito,Pagado
1742,1742,2903,128,20,108,Transferencia,Pagado
1743,1743,2904,126,50,76,Yape,Exonerado
1744,1744,2907,195,0,195,Tarjeta de débito,Pagado
1745,1745,2908,90,50,40,Yape,Pagado
1746,1746,2909,103,20,83,Efectivo,Pagado
1747,1747,2913,189,0,189,Transferencia,Pagado
1748,1748,2914,114,50,64,Plin,Pagado
1749,1749,2916,178,10,168,Plin,Exonerado
1750,1750,2917,184,50,134,Tarjeta de crédito,Exonerado
1751,1751,2918,138,50,88,Plin,Pagado
1752,1752,2919,153,0,153,Plin,Pagado
1753,1753,2920,197,0,197,Yape,Exonerado
1754,1754,2922,119,0,119,Efectivo,Exonerado
1755,1755,2923,164,0,164,Transferencia,Pagado
1756,1756,2926,188,20,168,Tarjeta de débito,Pendiente
1757,1757,2927,110,20,90,Tarjeta de crédito,Pagado
1758,1758,2928,151,50,101,Yape,Pendiente
1759,1759,2929,151,0,151,Plin,Pendiente
1760,1760,2931,176,0,176,Transferencia,Pendiente
1761,1761,2933,165,50,115,Plin,Pendiente
1762,1762,2934,133,0,133,Yape,Pendiente
1763,1763,2936,198,0,198,Transferencia,Exonerado
1764,1764,2937,85,0,85,Tarjeta de crédito,Pagado
1765,1765,2938,189,0,189,Tarjeta de débito,Pagado
1766,1766,2939,152,0,152,Yape,Pendiente
1767,1767,2945,95,10,85,Tarjeta de crédito,Exonerado
1768,1768,2946,153,10,143,Tarjeta de débito,Pendiente
1769,1769,2947,135,10,125,Transferencia,Pendiente
1770,1770,2949,168,10,158,Efectivo,Exonerado
1771,1771,2950,90,20,70,Efectivo,Exonerado
1772,1772,2951,104,0,104,Tarjeta de crédito,Pendiente
1773,1773,2952,187,0,187,Tarjeta de crédito,Pagado
1774,1774,2953,153,50,103,Plin,Exonerado
1775,1775,2955,106,0,106,Transferencia,Pendiente
1776,1776,2957,190,20,170,Transferencia,Pagado
1777,1777,2958,147,0,147,Transferencia,Pendiente
1778,1778,2959,120,20,100,Efectivo,Pagado
1779,1779,2960,160,0,160,Plin,Pendiente
1780,1780,2964,173,0,173,Plin,Exonerado
1781,1781,2965,163,50,113,Transferencia,Pendiente
1782,1782,2966,85,50,35,Tarjeta de débito,Pagado
1783,1783,2968,180,10,170,Transferencia,Pendiente
1784,1784,2970,197,0,197,Tarjeta de débito,Pagado
1785,1785,2972,125,10,115,Transferencia,Pagado
1786,1786,2975,97,0,97,Plin,Pagado
1787,1787,2976,169,0,169,Tarjeta de débito,Pagado
1788,1788,2977,116,0,116,Yape,Pagado
1789,1789,2978,84,50,34,Yape,Exonerado
1790,1790,2979,192,20,172,Tarjeta de débito,Pendiente
1791,1791,2981,183,0,183,Tarjeta de crédito,Pagado
1792,1792,2982,129,50,79,Tarjeta de crédito,Pendiente
1793,1793,2983,113,0,113,Plin,Exonerado
1794,1794,2986,114,0,114,Tarjeta de débito,Pagado
1795,1795,2987,170,50,120,Plin,Pendiente
1796,1796,2988,129,50,79,Transferencia,Pagado
1797,1797,2989,110,0,110,Plin,Pagado
1798,1798,2990,103,0,103,Plin,Pagado
1799,1799,2991,83,20,63,Tarjeta de débito,Pagado
1800,1800,2993,179,0,179,Plin,Pendiente
1801,1801,2994,100,10,90,Plin,Pendiente
1802,1802,2995,96,20,76,Plin,Pagado
1803,1803,2996,140,10,130,Yape,Pagado
1804,1804,2998,166,20,146,Yape,Pendiente
1805,1805,2999,87,50,37,Yape,Exonerado
1806,1806,3000,114,0,114,Plin,Pendiente
